,instname,city,zip,tuition01,tuition02,tuition03,nettuition01,net_student_tuition,private03,stable_operating_rev,total03_revenue,total_enrollment,total_enrollment_amin_tot,total_enrollment_asian_tot,total_enrollment_black_tot,total_enrollment_hisp_tot,total_enrollment_white_tot,total_enrollment_multi_tot,total_enrollment_unkn_tot,total_enrollment_nonres_tot,total_executive_admin_managerial,total_faculty_all,full_time_employees,all_employees,salarytotal
0,Rio Grande Bible Institute,Edinburg,78539-9650,,,503608.0,476388.0,476388.0,937530.0,2845797.0,3818400.0,126.0,0.0,0.0,0.0,38.0,4.0,0.0,0.0,84.0,6.0,,7.0,15.0,
1,Sanford-Brown Institute-Austin,Austin,78753,,,416366.0,416366.0,224151.0,,417462.0,417462.0,76.0,0.0,2.0,16.0,29.0,15.0,2.0,12.0,0.0,8.0,5.0,21.0,25.0,
2,ITT Technical Institute-Waco,Waco,76706-0000,,,2514417.0,2472265.0,1330673.0,,2472265.0,2514417.0,168.0,2.0,1.0,49.0,34.0,73.0,4.0,5.0,0.0,4.0,16.0,23.0,38.0,96442.0
3,Manuel and Theresa's School of Hair Design,Victoria,77902-7076,,,266850.0,266850.0,225000.0,,290183.0,248333.0,22.0,0.0,0.0,0.0,16.0,6.0,0.0,0.0,0.0,1.0,2.0,2.0,3.0,
4,Tint School of Makeup & Cosmetology-Grand Prairie,Grand Prairie,75051-4804,,,988353.0,988353.0,754765.0,,1084755.0,851167.0,109.0,6.0,2.0,30.0,64.0,7.0,0.0,0.0,0.0,,4.0,5.0,5.0,
5,Houston Training Schools,Houston,77074-2007,,,4254788.0,4254788.0,485655.0,,4405129.0,4405129.0,202.0,0.0,2.0,82.0,115.0,3.0,0.0,0.0,0.0,2.0,9.0,14.0,16.0,
6,South University-The Art Institute of Fort Worth,Fort Worth,76116-4183,,,8276359.0,8104281.0,5581055.0,,9541681.0,8377138.0,393.0,1.0,12.0,54.0,91.0,184.0,13.0,35.0,3.0,5.0,29.0,31.0,53.0,342107.0
7,Chamberlain College of Nursing-Texas,Houston,77041,,,2484006.0,2445863.0,2047099.0,,2482214.0,2520357.0,113.0,0.0,7.0,52.0,13.0,24.0,0.0,17.0,0.0,5.0,6.0,18.0,22.0,184095.0
8,North American College,Houston,77038-0000,,,2747582.0,1271973.0,752690.0,1240581.0,6404977.0,7126275.0,169.0,0.0,2.0,48.0,29.0,25.0,3.0,3.0,59.0,11.0,15.0,31.0,37.0,410925.0
9,Buckner Barber School,Dallas,75217-1775,,,289946.0,289946.0,18880.0,,289946.0,289946.0,14.0,0.0,0.0,10.0,3.0,0.0,0.0,0.0,1.0,1.0,2.0,4.0,4.0,
10,Diamonds Cosmetology College,Sherman,75090-2657,,,514508.0,514508.0,296884.0,,540559.0,329915.0,59.0,2.0,1.0,5.0,2.0,49.0,0.0,0.0,0.0,,1.0,2.0,2.0,
11,Ogle School Hair Skin Nails-North Dallas,Dallas,75248-1216,,,2422873.0,2422873.0,1672164.0,,2760075.0,2760075.0,174.0,2.0,4.0,40.0,33.0,86.0,9.0,0.0,0.0,4.0,16.0,26.0,30.0,
12,Brown Mackie College-San Antonio,San Antonio,78229,,,1641260.0,1641260.0,679902.0,,1838795.0,1822515.0,86.0,0.0,0.0,21.0,30.0,26.0,1.0,8.0,0.0,,,,,128457.0
13,"Universal Technical Institute of Northern Texas, LLC",Irving,75063,,,,,,,,,,,,,,,,,,,,,,
14,Milan Institute of Cosmetology-El Paso,El Paso,79925,,,390758.0,390758.0,390758.0,,391058.0,391058.0,44.0,0.0,1.0,1.0,39.0,2.0,0.0,1.0,0.0,,,,,
15,Everest College-Fort Worth South,Ft Worth,76115,,,7331595.0,7331595.0,4742220.0,,7331595.0,7331595.0,398.0,2.0,5.0,147.0,166.0,70.0,8.0,0.0,0.0,,,,,130912.0
16,ATI Career Training Center-Lewisville,Lewisville,75067,,,1037725.0,1037725.0,1032230.0,,1205061.0,1205061.0,161.0,0.0,2.0,37.0,25.0,94.0,0.0,3.0,0.0,,,,,
17,Concorde Career Institute-San Antonio,San Antonio,78229,,,910000.0,910000.0,422000.0,,920000.0,1398000.0,185.0,0.0,1.0,19.0,128.0,31.0,2.0,4.0,0.0,12.0,7.0,29.0,30.0,159974.0
18,Concorde Career Institute-Dallas,Dallas,75243,,,600000.0,600000.0,243000.0,,607000.0,957000.0,106.0,0.0,3.0,58.0,23.0,19.0,2.0,1.0,0.0,14.0,6.0,28.0,29.0,158273.0
19,South Texas Vocational Technical Institute-San Antonio,San Antonio,78216,,,174149.0,163384.0,152442.0,,163384.0,174149.0,33.0,0.0,0.0,2.0,19.0,12.0,0.0,0.0,0.0,,,,,
20,Pima Medical Institute-Houston,Houston,77024,,,445722.0,445722.0,336980.0,,447722.0,556172.0,52.0,0.0,10.0,7.0,13.0,22.0,0.0,0.0,0.0,,,,,114415.0
21,Southern Careers Institute-Harlingen,Harlingen,78550,,,3745270.0,3745270.0,2260637.0,,3745270.0,3745270.0,132.0,0.0,0.0,2.0,125.0,3.0,2.0,0.0,0.0,,,,,
22,Southern Careers Institute-Corpus Christi 2,Corpus Christi,78410,,,884224.0,884224.0,464799.0,,884224.0,884224.0,84.0,0.0,0.0,3.0,75.0,3.0,3.0,0.0,0.0,,,,,
23,Southern Careers Institute-Brownsville,Brownsville,78520,,,2444354.0,2444354.0,1427419.0,,2444354.0,2444354.0,100.0,0.0,0.0,1.0,97.0,0.0,2.0,0.0,0.0,,,,,
24,MedVance Institute-Houston North,Houston,77060,,,7691588.0,7690588.0,4345172.0,,7690588.0,7691588.0,217.0,0.0,1.0,74.0,73.0,26.0,0.0,42.0,1.0,,,,,
25,Fortis Institute,Houston,77060,,,8441507.0,8428057.0,5907408.0,,8428057.0,8441507.0,581.0,1.0,3.0,129.0,240.0,39.0,0.0,168.0,1.0,13.0,18.0,41.0,49.0,
26,ITT Technical Instituteï¿½DeSoto,DeSoto,75115,,,2814780.0,2814780.0,1873495.0,,2814780.0,2810686.0,210.0,0.0,0.0,124.0,38.0,37.0,0.0,11.0,0.0,4.0,24.0,27.0,48.0,191206.0
27,Salon & Spa Institute,Brownsville,78521,,,208475.0,208475.0,-243622.0,,847050.0,847050.0,170.0,0.0,0.0,0.0,161.0,7.0,0.0,2.0,0.0,,,,,
28,ABC Beauty Academy,Garland,75042,,,133527.0,133527.0,91902.0,,133610.0,133610.0,23.0,0.0,18.0,3.0,0.0,2.0,0.0,0.0,0.0,,,,,
29,Lawyer's Assistant School of Dallas,Dallas,75206,,,411606.0,411606.0,106466.0,,411606.0,411606.0,35.0,0.0,1.0,20.0,9.0,5.0,0.0,0.0,0.0,,,,,
30,The Art Institute of San Antonio,San Antonio,78230,,,5848716.0,5741599.0,3309234.0,,6207824.0,6156589.0,185.0,0.0,2.0,12.0,94.0,62.0,5.0,10.0,0.0,,,,,80053.0
31,Strayer University-Texas,Austin,78759,,,1654473.0,1654473.0,1161081.0,,1654473.0,1495459.0,320.0,2.0,9.0,163.0,24.0,84.0,25.0,13.0,0.0,,,,,755618.0
32,Kaplan College-San Antonio,San Antonio,78283,,,,,,,,,,,,,,,,,,,,,,
33,Kaplan College-Arlington,Arlington,76010,,,5712890.0,5710890.0,3672625.0,,5710890.0,5565745.0,511.0,4.0,13.0,211.0,122.0,122.0,18.0,21.0,0.0,,,,,83456.0
34,MedVance Institute-Grand Prairie,Grand Prairie,75050,,,6372911.0,6370411.0,4236927.0,,6370411.0,6372911.0,298.0,1.0,10.0,85.0,95.0,83.0,7.0,15.0,2.0,,,,,
35,Fortis Institute-Grand Prairie,Grand Prairie,75050,,,5417599.0,5388147.0,3400075.0,,5388147.0,5417599.0,479.0,5.0,12.0,162.0,184.0,106.0,7.0,3.0,0.0,7.0,34.0,40.0,45.0,
36,The Salon Professional Academy-Lewisville,Lewisville,75067,,,793736.0,768236.0,501830.0,,1559261.0,1584761.0,111.0,0.0,3.0,6.0,9.0,88.0,4.0,1.0,0.0,3.0,7.0,11.0,14.0,
37,Corpus Christi Beauty Academy,Corpus Christi,78412,,,9769.0,9769.0,-129367.0,,28073.0,167209.0,30.0,0.0,0.0,2.0,17.0,11.0,0.0,0.0,0.0,3.0,2.0,5.0,5.0,
38,Avenue Five Institute,Austin,78757,,,2723069.0,2723069.0,1903210.0,,3151956.0,3153236.0,209.0,0.0,1.0,10.0,21.0,131.0,0.0,46.0,0.0,,,,,
39,Texas Beauty College,Haltom City,76117,,,375207.0,375207.0,194577.0,,399607.0,218977.0,138.0,1.0,100.0,8.0,14.0,3.0,0.0,3.0,9.0,2.0,3.0,5.0,8.0,
40,Advanced Beauty College,Irving,75061,,,178205.0,157305.0,63792.0,20900.0,184489.0,319802.0,83.0,0.0,17.0,1.0,26.0,3.0,0.0,0.0,36.0,,,,,
41,DuVall's School of Cosmetology,Bedford,76021,,,985669.0,985669.0,617504.0,,1589969.0,1590418.0,110.0,0.0,0.0,8.0,7.0,95.0,0.0,0.0,0.0,,,,,
42,Cardiotech Ultrasound School,Houston,77099,,,249682.0,230530.0,105689.0,,251457.0,232305.0,56.0,0.0,20.0,12.0,6.0,12.0,0.0,5.0,1.0,,,,,
43,Cannon Institute of Higher Learning,Dallas,75247,,,103500.0,103500.0,0.0,,103500.0,103500.0,10.0,0.0,0.0,9.0,1.0,0.0,0.0,0.0,0.0,,,,,
44,Professional Career Training Institute,Houston,77090,,,1083458.0,1083458.0,538725.0,,1083458.0,810783.0,81.0,0.0,4.0,53.0,16.0,8.0,0.0,0.0,0.0,,,,,
45,South Texas Vocational Technical Institute,Corpus Christi,78416,,,8922212.0,8879693.0,4234786.0,,8881751.0,8933919.0,838.0,3.0,0.0,57.0,413.0,354.0,3.0,8.0,0.0,7.0,26.0,47.0,53.0,
46,South Texas Vocational Technical Institute-Corpus Christi,Corpus Christi,78416,,,15308006.0,14050155.0,8723097.0,,14053790.0,15170199.0,1214.0,3.0,3.0,62.0,914.0,164.0,3.0,65.0,0.0,,,,,
47,South Texas Vocational Technical Institute-Brownsville,Brownsville,78520,,,11925718.0,11873185.0,7057711.0,,11947297.0,11915144.0,941.0,1.0,0.0,1.0,838.0,9.0,1.0,91.0,0.0,,,,,
48,ATI Career Training Center,Dallas,75247,,,5524882.0,5513563.0,3052057.0,,5540522.0,5555255.0,549.0,2.0,0.0,198.0,123.0,28.0,,198.0,0.0,16.0,22.0,35.0,41.0,
49,ATI Career Training Center-Dallas,Dallas,75247,,,10378690.0,10376156.0,6716677.0,,10614274.0,10588202.0,706.0,0.0,0.0,86.0,48.0,4.0,1.0,567.0,0.0,,,,,
50,ATI Career Training Center-Houston,Houston,77029,,,8821667.0,8790808.0,5717405.0,,8809316.0,8811377.0,743.0,6.0,2.0,220.0,168.0,71.0,5.0,271.0,0.0,,,,,
51,ATI Career Training Center-Waco,Waco,76711,,,16536305.0,16491390.0,11238506.0,,16491390.0,16469850.0,1122.0,1.0,0.0,334.0,334.0,444.0,1.0,8.0,0.0,,,,,
52,Sanford-Brown College,San Antonio,78229,,,1153907.0,1153907.0,478301.0,,1153907.0,1153907.0,221.0,0.0,4.0,39.0,101.0,55.0,4.0,18.0,0.0,7.0,20.0,24.0,40.0,160776.0
53,Sanford-Brown College-San Antonio,San Antonio,78229,,,6010345.0,6010345.0,3287314.0,,6010887.0,6002207.0,639.0,3.0,7.0,59.0,336.0,139.0,23.0,72.0,0.0,12.0,30.0,36.0,60.0,206548.0
54,Lamson Institute,San Antonio,78238,,,4756165.0,4750339.0,3429527.0,,4756852.0,4762678.0,353.0,4.0,2.0,19.0,282.0,31.0,0.0,15.0,0.0,5.0,10.0,20.0,25.0,
55,MediaTech Institute-Houston,Houston,77042,,,1735894.0,1735894.0,1614351.0,,1735894.0,1735894.0,116.0,1.0,1.0,49.0,20.0,45.0,,0.0,0.0,4.0,6.0,4.0,19.0,
56,MediaTech Institute-Austin,Austin,78704,,,1366203.0,1366203.0,1290166.0,,1366203.0,1366203.0,121.0,0.0,1.0,7.0,26.0,86.0,,1.0,0.0,4.0,5.0,7.0,16.0,
57,South Texas Training Center,San Benito,78586,,,558834.0,558834.0,439555.0,,558834.0,559346.0,42.0,0.0,1.0,0.0,38.0,3.0,0.0,0.0,0.0,3.0,4.0,10.0,10.0,
58,360 Degrees Beauty Academy,Houston,77084,,,222890.0,222890.0,139808.0,,244823.0,244823.0,23.0,0.0,0.0,14.0,7.0,1.0,,0.0,1.0,5.0,2.0,14.0,14.0,
59,Aveda Institute San Antonio,San Antonio,78215,,,2090627.0,2090627.0,1632519.0,,3691062.0,3232954.0,204.0,5.0,4.0,6.0,92.0,87.0,,8.0,2.0,7.0,15.0,41.0,53.0,
60,Aveda Institute-San Antonio,San Antonio,78215,,,3436660.0,3436660.0,2635160.0,,4076532.0,3284532.0,198.0,3.0,4.0,8.0,93.0,78.0,7.0,5.0,0.0,,,,,
61,PCCenter,DeSoto,75115,,,325719.0,325719.0,159266.0,,471485.0,478757.0,43.0,0.0,0.0,38.0,2.0,3.0,0.0,0.0,0.0,4.0,10.0,5.0,17.0,
62,MediaTech Institute-Irving,Irving,75039,,,2793030.0,2793030.0,2679513.0,,2793030.0,2793030.0,202.0,2.0,4.0,47.0,25.0,117.0,,7.0,0.0,7.0,9.0,24.0,29.0,
63,Hands on Therapy,Mesquite,75149,,,927219.0,927219.0,376169.0,,1275375.0,1275375.0,27.0,0.0,0.0,9.0,1.0,16.0,,1.0,0.0,5.0,7.0,6.0,13.0,
64,ATI Career Training Center-Garland,Garland,75041,,,10930012.0,10842120.0,6459124.0,,10844476.0,10929919.0,797.0,1.0,11.0,125.0,170.0,106.0,3.0,381.0,0.0,,,,,
65,ATI Career Training Center-Richardson,Richardson,75081,,,10030896.0,9999121.0,5777887.0,,9999121.0,9972225.0,730.0,1.0,6.0,193.0,116.0,151.0,3.0,259.0,1.0,,,,,
66,Le Cordon Bleu Institute of Culinary Arts-Dallas,Dallas,75234,,,9001312.0,9001312.0,7518381.0,183698.0,11824837.0,11824837.0,573.0,4.0,15.0,109.0,137.0,257.0,,51.0,0.0,9.0,28.0,47.0,60.0,558763.0
67,Le Cordon Bleu College of Culinary Arts-Dallas,Dallas,75234,,,15814629.0,15814629.0,12051784.0,,18508816.0,18412148.0,1046.0,9.0,29.0,200.0,254.0,429.0,29.0,96.0,0.0,8.0,36.0,62.0,77.0,803678.0
68,National American University-Austin,Austin,78727,,,512217.0,506653.0,368541.0,,518437.0,524001.0,51.0,0.0,1.0,24.0,9.0,15.0,,2.0,0.0,,,,,
69,Remington College-Houston Southeast,Webster,77598,,,4098670.0,4098670.0,3031851.0,,4103433.0,4103433.0,204.0,1.0,1.0,68.0,58.0,65.0,0.0,11.0,0.0,7.0,15.0,32.0,39.0,252174.0
70,Remington College-Houston Southeast Campus,Webster,77598,,,6222384.0,6222259.0,4213089.0,,6283249.0,6283374.0,414.0,4.0,6.0,81.0,147.0,163.0,13.0,0.0,0.0,,,,,719006.0
71,The Art Institute of Austin,Austin,78728,,,8745926.0,8603512.0,7979672.0,,9273669.0,9210999.0,416.0,1.0,8.0,19.0,116.0,197.0,,75.0,0.0,,,,,126821.0
72,Academy at Austin,Pflugerville,78660,,,1264698.0,1264698.0,1078179.0,,1626683.0,1815762.0,196.0,0.0,5.0,22.0,36.0,127.0,0.0,5.0,1.0,6.0,9.0,18.0,21.0,
73,Paul Mitchell The school-Austin,Pflugerville,78660,,,2092809.0,2070859.0,1395821.0,,3131871.0,2458614.0,198.0,1.0,6.0,24.0,70.0,96.0,0.0,1.0,0.0,8.0,15.0,26.0,30.0,
74,Southwest Career Institute,El Paso,79925,,,2761112.0,2761112.0,-245646.0,,2775597.0,2761112.0,200.0,1.0,0.0,4.0,192.0,3.0,0.0,0.0,0.0,,,,,
75,Southwest Career College,El Paso,79925,,,6759215.0,6727506.0,3564952.0,,6727506.0,6759215.0,650.0,1.0,1.0,8.0,614.0,24.0,2.0,0.0,0.0,7.0,24.0,51.0,57.0,467138.0
76,Vatterott Education Center,Dallas,75220,,,868143.0,868143.0,620310.0,,869737.0,868612.0,133.0,0.0,0.0,91.0,33.0,8.0,,1.0,0.0,,,,,
77,International Academy of Design and Technology,San Antonio,78229,,,2277290.0,2277290.0,1830704.0,,2294872.0,2294872.0,220.0,0.0,0.0,3.0,34.0,5.0,,178.0,0.0,,,,,
78,International Academy of Design and Technology-San Antonio,San Antonio,78229,,,10697172.0,10697172.0,7514153.0,,10823347.0,10799441.0,753.0,3.0,8.0,75.0,325.0,107.0,11.0,224.0,0.0,13.0,59.0,37.0,89.0,319014.0
79,Brite Divinity School,Forth Worth,76129,,,2977213.0,865345.0,865345.0,2079199.0,1449593.0,2188477.0,268.0,3.0,2.0,33.0,11.0,197.0,,1.0,21.0,19.0,46.0,42.0,84.0,1602420.0
80,Milan Institute of Cosmetology,San Antonio,78221,,,1268790.0,1268790.0,727845.0,,1367362.0,1367362.0,170.0,1.0,1.0,6.0,147.0,11.0,,4.0,0.0,,,,,
81,Milan Institute of Cosmetology-San Antonio Ingram Park,San Antonio,78221,,,2755208.0,2740208.0,1490551.0,,3179171.0,3194171.0,235.0,0.0,0.0,7.0,212.0,13.0,0.0,3.0,0.0,,,,,
82,Milan Institute of Cosmetology-San Antonio Military,San Antonio,78221,,,3105130.0,3096130.0,1830555.0,,3515519.0,3524519.0,291.0,0.0,1.0,9.0,272.0,8.0,0.0,1.0,0.0,2.0,15.0,29.0,32.0,
83,Lumberton Adult Education Center,Lumberton,77657,,,219735.0,,-79114.0,,28691.0,188847.0,108.0,0.0,0.0,7.0,1.0,98.0,,0.0,2.0,,,,,
84,Southeast Texas Career Institute,Silsbee,77656,,,251854.0,251854.0,162762.0,,283602.0,216206.0,113.0,0.0,0.0,4.0,5.0,104.0,,0.0,0.0,,,,,
85,Professional Careers Institute,Houston,77036,,,825917.0,825917.0,289258.0,,825917.0,825917.0,11.0,0.0,0.0,5.0,3.0,3.0,,0.0,0.0,,,,,
86,Champion Beauty College,Houston,77069,,,277925.0,277925.0,228751.0,,322725.0,322725.0,50.0,0.0,2.0,8.0,12.0,28.0,,0.0,0.0,,,,,
87,CCI Training Center,Arlington,76011,,,1947157.0,1947157.0,1138304.0,,1947157.0,1947157.0,109.0,1.0,5.0,29.0,26.0,42.0,,6.0,0.0,,,,,
88,The Academy of Health Care Professions,San Antonio,78229,,,1592692.0,1592692.0,1074216.0,,1595843.0,1592693.0,205.0,1.0,3.0,20.0,129.0,48.0,,4.0,0.0,,,,,
89,The Academy of Health Care Professions-San Antonio,San Antonio,78229,,,4587078.0,4587078.0,3104630.0,,6309638.0,4827190.0,115.0,0.0,2.0,20.0,47.0,41.0,0.0,5.0,0.0,,,,,
90,North West Beauty School,Houston,77091,,,201876.0,201876.0,104876.0,,225586.0,225586.0,81.0,0.0,8.0,52.0,8.0,2.0,,0.0,11.0,,,,,
91,Mai-trix Beauty College,Houston,77092,,,278552.0,278552.0,158504.0,,336106.0,336106.0,86.0,0.0,38.0,6.0,20.0,8.0,,0.0,14.0,,,,,
92,Texas Health School,Houston,77079,,,810291.0,810291.0,648077.0,,810651.0,814068.0,186.0,0.0,13.0,93.0,38.0,39.0,,0.0,3.0,,,,,
93,Allied Career Center,Carrollton,75005,,,,,,,,,57.0,1.0,2.0,19.0,7.0,28.0,,0.0,0.0,,,,,
94,The Academy of Health Care Professions-Southwest,Houston,77074,,,2687321.0,2687321.0,1731659.0,,2831710.0,2832267.0,32.0,0.0,1.0,7.0,16.0,6.0,0.0,2.0,0.0,,,,,
95,Academy of Hair Design,Jasper,75951,,,208392.0,208392.0,29802.0,,208392.0,208392.0,40.0,0.0,0.0,9.0,1.0,30.0,,0.0,0.0,,,,,
96,University of Phoenix-Austin Campus,Austin,78759-5459,,,2443097.0,2363543.0,2143449.0,,2510761.0,2590315.0,223.0,1.0,5.0,43.0,36.0,81.0,,50.0,7.0,3.0,35.0,21.0,52.0,153003.0
97,University of Phoenix-San Antonio Campus,San Antonio,78230-3876,,,4143270.0,3958099.0,3459790.0,,4202742.0,4387913.0,356.0,3.0,12.0,41.0,146.0,81.0,,68.0,5.0,3.0,74.0,26.0,97.0,129276.0
98,Houston's Training and Education Center,Houston,77036,,,179439.0,179439.0,-25344.0,,418396.0,418396.0,77.0,0.0,0.0,36.0,28.0,7.0,,6.0,0.0,,,,,
99,HTEC-Houston's Training and Education Center Inc,Houston,77032,,,250278.0,250278.0,-47312.0,,250278.0,250278.0,75.0,0.0,0.0,62.0,11.0,1.0,0.0,1.0,0.0,2.0,4.0,9.0,11.0,
100,Computer Labs,El Paso,79906,,,5900.0,5900.0,-3425.0,77172.0,45297.0,744269.0,26.0,0.0,0.0,0.0,24.0,2.0,,0.0,0.0,,,,,
101,Amesed,Fort Worth,76133,,,21132.0,21132.0,18432.0,,21132.0,21132.0,10.0,0.0,1.0,0.0,1.0,8.0,,0.0,0.0,,,,,
102,Bryman College-National Institute of Technology-Bissonnet,Houston,77036-800,,,3981013.0,3981013.0,2829409.0,,3981013.0,3981013.0,222.0,0.0,0.0,0.0,0.0,0.0,,222.0,0.0,,,,,
103,Everest Institute-Bissonnet,Houston,77036-8001,,,6805350.0,6805350.0,5287334.0,,6805350.0,6805350.0,577.0,0.0,0.0,0.0,0.0,0.0,,577.0,0.0,,,,,
104,Texas Careers-Lubbock,Lubbock,79401,,,3377152.0,3369547.0,2340017.0,7605.0,4807379.0,4814984.0,447.0,3.0,1.0,79.0,267.0,90.0,,7.0,0.0,,,,,
105,Kaplan College-Lubbock,Lubbock,79401,,,8569398.0,8568749.0,5644421.0,,8568749.0,8301261.0,570.0,4.0,2.0,49.0,141.0,131.0,0.0,243.0,0.0,,,,,316763.0
106,Southeastern Career Institute-Midland,Midland,79703,,,1483958.0,1483658.0,141449.0,300.0,3515489.0,3509881.0,426.0,1.0,0.0,42.0,213.0,93.0,,77.0,0.0,,,,,
107,Kaplan College-Midland,Midland,79703,,,9068385.0,9066510.0,6948004.0,1875.0,7029265.0,6978680.0,494.0,1.0,0.0,2.0,17.0,7.0,0.0,467.0,0.0,8.0,24.0,42.0,49.0,566608.0
108,Career Centers of Texas-Ft Worth,Fort Worth,76103-231,,,906763.0,904013.0,151530.0,2750.0,2244350.0,2244600.0,382.0,2.0,7.0,204.0,96.0,73.0,,0.0,0.0,,,,,
109,Kaplan College-Fort Worth,Fort Worth,76103-2310,,,9343388.0,9340055.0,6376091.0,,9340055.0,9037316.0,541.0,1.0,6.0,131.0,180.0,137.0,0.0,86.0,0.0,,,,,162361.0
110,Remington College-North Houston Campus,Houston,77067,,,4361344.0,4360344.0,3123251.0,,4361690.0,4362690.0,163.0,0.0,0.0,90.0,48.0,25.0,,0.0,0.0,,,,,122566.0
111,Everest College-Fort Worth,Fort Worth,76137,,,2139339.0,2139339.0,1545506.0,,2139339.0,2139339.0,28.0,0.0,0.0,8.0,10.0,10.0,,0.0,0.0,,,,,29455.0
112,Brown Mackie College-Fort Worth,Hurst,76053,,,2458356.0,2458356.0,1283766.0,,2588275.0,1413685.0,137.0,0.0,6.0,45.0,24.0,47.0,,15.0,0.0,,,,,
113,Brown Mackie College-Dallas,Garland,75041,,,4604226.0,4604226.0,2365363.0,,4878547.0,2639684.0,306.0,1.0,3.0,74.0,41.0,39.0,,131.0,17.0,,,,,
114,Sanford-Brown Institute,Houston,77008,,,1350072.0,1350072.0,804670.0,,1528142.0,1898762.0,232.0,3.0,4.0,89.0,53.0,63.0,,20.0,0.0,,,,,
115,Sanford-Brown College-Houston North Loop,Houston,77008,,,6365932.0,6365932.0,3744147.0,,6372194.0,6324244.0,633.0,7.0,11.0,231.0,240.0,131.0,5.0,8.0,0.0,12.0,22.0,31.0,54.0,
116,American Intercontinental University,Houston,77042,,,5479885.0,5427925.0,4030380.0,,6174172.0,6210409.0,376.0,2.0,14.0,178.0,92.0,57.0,,25.0,8.0,,,,,403160.0
117,American InterContinental University,Houston,77042,,,7985567.0,7985567.0,6397992.0,,8543817.0,8376442.0,514.0,0.0,20.0,225.0,92.0,28.0,7.0,141.0,1.0,15.0,38.0,48.0,85.0,283609.0
118,American InterContinental University-Houston,Houston,77042,,,8983131.0,8983131.0,7026470.0,,9596705.0,9386583.0,557.0,1.0,25.0,243.0,109.0,34.0,6.0,138.0,1.0,17.0,32.0,50.0,81.0,298063.0
119,Culinary Institute Alain and Marie Lenotre,Houston,77022-432,,,982397.0,982397.0,921150.0,,1128355.0,1128355.0,55.0,0.0,3.0,8.0,18.0,26.0,,0.0,0.0,,,,,
120,Culinary Institute Inc,Houston,77022-4322,,,3950207.0,3894932.0,3541650.0,,4528193.0,4583468.0,199.0,0.0,4.0,42.0,70.0,76.0,4.0,3.0,0.0,6.0,7.0,29.0,37.0,242973.0
121,Culinary Academy of Austin,Austin,78731,,,407515.0,407515.0,392735.0,,407515.0,407515.0,9.0,0.0,2.0,1.0,3.0,3.0,,0.0,0.0,,,,,
122,Auguste Escoffier School of Culinary Arts-Austin,Austin,78752,,,2511049.0,2442039.0,1998540.0,,2757243.0,2758223.0,167.0,2.0,4.0,16.0,45.0,71.0,3.0,26.0,0.0,11.0,14.0,33.0,34.0,
123,Bill J Priest Institute for Economic Development,Dallas,75215,,,,,,,,,120.0,1.0,4.0,87.0,26.0,2.0,,0.0,0.0,,,,,
124,Baptist University of the Americas,San Antonio,78224-133,,,496261.0,391226.0,189855.0,707692.0,697497.0,2907320.0,178.0,0.0,3.0,9.0,89.0,30.0,,0.0,47.0,,,,,200132.0
125,Anamarc Educational Institute,El Paso,79930,,,1444271.0,1444271.0,1051414.0,,1461219.0,1575793.0,362.0,0.0,0.0,5.0,338.0,19.0,,0.0,0.0,,,,,
126,Anamarc College-El Paso,El Paso,79930,,,6435262.0,6434512.0,4048173.0,,6516529.0,6517279.0,710.0,2.0,11.0,40.0,584.0,62.0,0.0,11.0,0.0,,,,,483568.0
127,Southern Careers Institute,Laredo,78041,,,751184.0,751184.0,-34162.0,,801777.0,1537316.0,147.0,0.0,1.0,1.0,136.0,9.0,,0.0,0.0,,,,,
128,Southern Careers Institute Inc-Laredo,Laredo,78041,,,873379.0,873379.0,177231.0,,910837.0,1571035.0,110.0,0.0,1.0,1.0,104.0,4.0,,0.0,0.0,,,,,
129,Westwood College-Houston South,Houston,77074,,,1355971.0,1339595.0,1029697.0,,1487220.0,1487220.0,16.0,0.0,0.0,9.0,2.0,5.0,,0.0,0.0,,,,,
130,Everest College,Arlington,76011,,,3492387.0,3492387.0,2569732.0,,3492387.0,3492387.0,186.0,0.0,3.0,94.0,47.0,39.0,,3.0,0.0,4.0,20.0,24.0,44.0,
131,Everest College-Arlington,Arlington,76011,,,7260901.0,7260901.0,5506101.0,,7260901.0,7260901.0,838.0,0.0,14.0,57.0,71.0,49.0,,647.0,0.0,8.0,4.0,30.0,32.0,106236.0
132,Career Centers of Texas-Corpus Christi,Corpus Christ,78416,,,1788185.0,1788185.0,639585.0,,3219021.0,3201521.0,302.0,0.0,0.0,27.0,239.0,36.0,,0.0,0.0,,,,,
133,Kaplan College-Corpus Christi,Corpus Christ,78416,,,12792347.0,12745456.0,8890882.0,,12745456.0,12366802.0,791.0,0.0,1.0,23.0,200.0,111.0,0.0,456.0,0.0,,,,,967760.0
134,Career Centers of Texas-Brownsville,Brownsville,78521,,,2633275.0,2630263.0,1392246.0,3012.0,3772941.0,3770554.0,475.0,0.0,0.0,2.0,466.0,7.0,,0.0,0.0,,,,,
135,Kaplan College-Brownsville,Brownsville,78521,,,9820728.0,9820228.0,6240351.0,,9820228.0,9651106.0,653.0,4.0,1.0,0.0,43.0,80.0,0.0,525.0,0.0,,,,,395607.0
136,University of North Texas System,Denton,76201,,,12075.0,12075.0,12075.0,,5503184.0,5503192.0,,,,,,,,,,,,,,
137,Interactive Learning Systems,Houston,77060,,,585476.0,585476.0,181462.0,,585476.0,585476.0,33.0,0.0,1.0,19.0,9.0,3.0,,0.0,1.0,,,,,
138,Interactive Learning Systems-North Houston,Houston,77022,,,1970138.0,1970138.0,1447818.0,,1970138.0,1970138.0,28.0,0.0,1.0,6.0,18.0,2.0,0.0,1.0,0.0,,,,,
139,Valley Grande Institute for Academic Studies,Weslaco,78596,,,1310860.0,1310860.0,655430.0,85800.0,2143475.0,1573845.0,262.0,0.0,0.0,0.0,259.0,3.0,,0.0,0.0,,,,,
140,Trend Barber College,Houston,77071-000,,,244710.0,244710.0,31078.0,,431430.0,267057.0,43.0,0.0,0.0,39.0,3.0,0.0,,0.0,1.0,,,,,
141,Jay's Technical Institute,Houston,77031,,,26447.0,26447.0,-527497.0,,26447.0,580503.0,133.0,0.0,0.0,123.0,8.0,1.0,,0.0,1.0,,,,,
142,Dallas Barber & Stylist College,Dallas,75243,,,646426.0,646426.0,174723.0,,766229.0,766930.0,91.0,0.0,0.0,88.0,2.0,0.0,,0.0,1.0,,,,,
143,Academy of Cosmetology,Austin,78745,,,465065.0,465065.0,123221.0,,501187.0,305079.0,80.0,0.0,63.0,5.0,7.0,4.0,,1.0,0.0,,,,,
144,Ronny J's Barber Styling,Dallas,75227,,,361617.0,361617.0,8271.0,,477784.0,477784.0,74.0,0.0,0.0,72.0,2.0,0.0,,0.0,0.0,,,,,
145,Everest College-Dallas,Dallas,75206,,,10650531.0,10650531.0,8178114.0,,10650531.0,10650531.0,748.0,0.0,4.0,291.0,37.0,32.0,,384.0,0.0,6.0,5.0,40.0,41.0,150216.0
146,National Institute of Technology,Austin,78754,,,5801587.0,5801587.0,4129710.0,,5801587.0,5801587.0,541.0,0.0,5.0,191.0,188.0,153.0,,3.0,1.0,,,,,
147,Everest Institute-Austin,Austin,78754,,,9725005.0,9725005.0,7498470.0,,9725005.0,9725005.0,1069.0,4.0,14.0,257.0,444.0,332.0,,11.0,7.0,,,,,
148,Westwood College-Dallas,Dallas,75243,,,3217679.0,3199679.0,2699167.0,,3532651.0,3532651.0,128.0,0.0,6.0,31.0,27.0,47.0,,17.0,0.0,,,,,148094.0
149,Westwood College-Ft Worth,Fort Worth,76137,,,5413266.0,5383266.0,4760471.0,,5820698.0,5820698.0,210.0,2.0,8.0,41.0,45.0,109.0,,5.0,0.0,,,,,120275.0
150,Virginia College at Austin,Austin,78723,,,1081476.0,1081476.0,640486.0,,1602129.0,1585865.0,88.0,1.0,0.0,35.0,29.0,23.0,,0.0,0.0,,,,,212075.0
151,Virginia College-Austin,Austin,78723,,,3624443.0,3624443.0,1740919.0,,5389105.0,5163948.0,769.0,5.0,15.0,196.0,275.0,252.0,,26.0,0.0,5.0,54.0,46.0,82.0,
152,Behold Beauty Academy,Houston,77016-372,,,101880.0,101880.0,19320.0,,360821.0,278281.0,41.0,0.0,0.0,41.0,0.0,0.0,,0.0,0.0,,,,,
153,GENESIS VOCATIONAL TRAINING,HOUSTON,77036,,,941000.0,941000.0,-11900.0,,1814285.0,1885516.0,,,,,,,,,,,,,,
154,CAREER TECH INSTITUTE,EDINBURG,78539,,,,,,,,,159.0,0.0,0.0,0.0,158.0,1.0,,0.0,0.0,,,,,
155,State Beauty Academy,Duncanville,75116,,,220487.0,220487.0,97354.0,,327279.0,327279.0,46.0,0.0,3.0,36.0,3.0,4.0,,0.0,0.0,,,,,
156,Aviation Institute of Maintenance-Dallas,Dallas,75209,,,773968.0,765168.0,703007.0,,765168.0,765188.0,,,,,,,,,,,,,,
157,MJ's Beauty Academy Inc,Dallas,75224,,,226334.0,226334.0,0.0,12000.0,326123.0,392123.0,50.0,0.0,0.0,50.0,0.0,0.0,,0.0,0.0,,,,,
158,Lamar Institute of Technology,Beaumont,77705,,,5957739.0,5637867.0,2825695.0,170471.0,16625260.0,18381396.0,2422.0,12.0,48.0,748.0,151.0,1410.0,,51.0,2.0,,,,,2994736.0
159,Kussad Institute of Court Reporting,Austin,78704,,,176596.0,176596.0,143508.0,,178892.0,145807.0,29.0,0.0,1.0,0.0,5.0,23.0,,0.0,0.0,,,,,
160,Concorde Career Institute,Arlington,76011,,,1083000.0,1083000.0,-46000.0,,1257000.0,2374000.0,,,,,,,,,,,,,,
161,Concorde Career Institute-Arlington,Arlington,76011-4016,,,9962000.0,9958000.0,4885000.0,4000.0,10127000.0,15048000.0,638.0,6.0,19.0,276.0,104.0,217.0,10.0,6.0,0.0,14.0,65.0,84.0,106.0,
162,Everest Institute-Hobby,Houston,77087,,,7520966.0,7520966.0,5573392.0,,7520966.0,7520966.0,684.0,1.0,6.0,188.0,372.0,81.0,,36.0,0.0,,,,,
163,Interactive Learning Systems-Pasadena,Pasadena,77502,,,1572876.0,1572876.0,1201037.0,,1572876.0,1572876.0,20.0,0.0,0.0,0.0,15.0,5.0,0.0,0.0,0.0,,,,,
164,University of Phoenix-Houston Campus,Houston,77079-200,,,9193000.0,9193000.0,8620000.0,,9352000.0,9352000.0,550.0,0.0,26.0,55.0,60.0,110.0,,299.0,0.0,4.0,41.0,34.0,71.0,98184.0
165,University of Phoenix-Houston Westside Campus,Houston,77079-2004,,,39195484.0,38268886.0,34165879.0,,40580362.0,41506960.0,4829.0,19.0,84.0,1459.0,518.0,729.0,,903.0,1117.0,13.0,828.0,201.0,1005.0,395226.0
166,University of Phoenix-Dallas Fort Worth Campus,Dallas,25251-200,,,6201000.0,6201000.0,5845000.0,,6305000.0,6305000.0,286.0,0.0,0.0,12.0,0.0,32.0,,242.0,0.0,5.0,46.0,29.0,72.0,111276.0
167,University of Phoenix-Dallas Campus,Dallas,75251-2004,,,14876802.0,14417094.0,7966268.0,,15542225.0,15602635.0,1333.0,5.0,26.0,418.0,137.0,198.0,10.0,514.0,25.0,32.0,168.0,199.0,352.0,525369.0
168,High-Tech Institute-Dallas,Irving,75038,,,5021608.0,5019245.0,3862834.0,,5033291.0,5045943.0,238.0,1.0,2.0,98.0,53.0,65.0,,19.0,0.0,,,,,
169,Anthem College-Irving,Irving,75038,,,3899419.0,3878895.0,2634984.0,,3987328.0,4007852.0,359.0,0.0,14.0,95.0,143.0,85.0,9.0,5.0,8.0,12.0,21.0,37.0,55.0,177549.0
170,National Beauty College,Garland,75041,,,217969.0,217969.0,0.0,,507924.0,507924.0,149.0,0.0,115.0,14.0,11.0,9.0,,0.0,0.0,,,,,
171,Coryell Cosmetology College,Gatesville,76528,,,121333.0,121333.0,16828.0,,121333.0,121333.0,18.0,0.0,0.0,0.0,0.0,18.0,,0.0,0.0,,,,,
172,Career Quest,San Antonio,78229,,,942819.0,942819.0,933259.0,,942819.0,944019.0,197.0,0.0,1.0,21.0,99.0,39.0,,37.0,0.0,,,,,
173,Texas Tech University System Administration,Lubbock,79409-201,,,,,,,,,,,,,,,,,,,,,,
174,INTERNATIONAL BUSINESS SCHOOL,MCKINNEY,75069,,,,,,,,,,,,,,,,,,,,,,
175,DEVRY INSTITUTE OF TECHNOLOGY,IRVING,75063,,,,,,,,,,,,,,,,,,,,,,
176,DALLAS INSTITUTE OF ACUPUNCTURE AND ORIENTAL MED,DALLAS,75229,,,,,,,,,44.0,0.0,11.0,0.0,4.0,29.0,,0.0,0.0,,,,,
177,Everest Institute-Greenspoint,Houston,77060,,,9028584.0,9026129.0,6569853.0,,9026129.0,9028584.0,930.0,1.0,13.0,391.0,308.0,208.0,,9.0,0.0,,,,,
178,Everest Institute,Houston,77060,,,9659909.0,9659909.0,7132084.0,,9659909.0,9659909.0,869.0,0.0,4.0,420.0,206.0,230.0,,8.0,1.0,,,,,
179,Vanguard Institute of Technology,Pharr,78577,,,859040.0,856622.0,-104413.0,,1289092.0,1291510.0,505.0,0.0,0.0,1.0,504.0,0.0,,0.0,0.0,,,,,
180,EXPERT SOLUTIONS,RICHARDSON,75081-6540,,,,,,,,,,,,,,,,,,,,,,
181,SCHOOL OF HAIR DESIGN,PARIS,75460,,,,,,,,,,,,,,,,,,,,,,
182,BUSINESS SKILLS INSTITUTE-EL PASO,EL PASO,79921,,,1013350.0,1013350.0,567869.0,,1085896.0,1085896.0,392.0,2.0,1.0,8.0,358.0,23.0,,0.0,0.0,,,,,
183,North Texas Professional Career Institute,Dallas,75235,,,663706.0,663706.0,496446.0,,663706.0,663706.0,50.0,0.0,2.0,12.0,0.0,3.0,,25.0,8.0,,,,,
184,Dallas Nursing Institute,Dallas,75243,,,2447899.0,2447899.0,1927143.0,,2447899.0,2447899.0,154.0,1.0,3.0,87.0,10.0,45.0,,8.0,0.0,,,,,
185,DSU TRAINING INSTITUTE,HOUSTON,77004,,,1400.0,1400.0,-16753.0,,590288.0,466766.0,,,,,,,,,,,,,,
186,Academy of Health Care Professions,Austin,78752-363,,,,,,,,,,,,,,,,,,,,,,
187,BILINGUAL EDUCATION INSTITUTE,HOUSTON,77063,,,,,,,,,,,,,,,,,,,,,,
188,Advanced Barber College and Hair Design,Weslaco,78596,,,342421.0,342421.0,32914.0,,319541.0,319541.0,,,,,,,,,,,,,,
189,Star College of Cosmetology,Nacogdoches,75961-464,,,199876.0,174243.0,112207.0,,213274.0,138969.0,,,,,,,,,,,,,,
190,Toni & Guy Hairdressing Academy,Carrollton,75006,,,915040.0,915040.0,800973.0,,2157584.0,2143606.0,84.0,1.0,3.0,3.0,10.0,67.0,,0.0,0.0,,,,,
191,Toni & Guy Hairdressing Academy-Carrollton,Carrollton,75006,,,3581533.0,3581533.0,3010795.0,,4178977.0,4301711.0,166.0,1.0,5.0,6.0,33.0,116.0,0.0,4.0,1.0,2.0,13.0,20.0,23.0,
192,Southwestern Professional Institute,Houston,77056,,,1009563.0,1009563.0,904065.0,,1009563.0,1009563.0,,,,,,,,,,,,,,
193,AMERICAN WELD TESTING SCHOOL,BEAUMONT,77705,,,,,,,,,,,,,,,,,,,,,,
194,Touch of Class School of Cosmetology,Greenville,75402,,,235337.0,235337.0,117668.0,,296925.0,179257.0,71.0,0.0,0.0,10.0,0.0,55.0,,0.0,0.0,,,,,
195,Cosmetology Career Insitute,Greenville,75402,,,517557.0,517557.0,370873.0,,822959.0,970781.0,120.0,0.0,0.0,38.0,11.0,71.0,0.0,0.0,0.0,,,,,
196,COMPUTER LEARNING CENTERS INC,HOUSTON,77063,,,,,,,,,,,,,,,,,,,,,,
197,ITT Technical Institute,Richardson,75080,,,5264242.0,5264242.0,4678212.0,,5264242.0,5264242.0,431.0,2.0,9.0,94.0,77.0,202.0,,12.0,35.0,5.0,17.0,38.0,41.0,289957.0
198,ITT Technical Institute-Richardson,Richardson,75080,,,11318491.0,11318491.0,9897244.0,,11318491.0,11318491.0,696.0,0.0,16.0,186.0,211.0,279.0,,4.0,0.0,7.0,39.0,57.0,76.0,749563.0
199,CET-Socorro,Socorro,79927,,,116809.0,116809.0,56341.0,,789414.0,849882.0,87.0,0.0,0.0,0.0,87.0,0.0,,0.0,0.0,,,,,
200,CET-El Paso,El Paso,79907,,,1186101.0,1186101.0,698093.0,862.0,1198770.0,1189732.0,138.0,0.0,1.0,2.0,134.0,1.0,,0.0,0.0,1.0,9.0,13.0,15.0,
201,SAVANT TRAINING AND TECHNOLOGY,SAN ANTONIO,78207-5248,,,86699.0,86699.0,-307612.0,,576141.0,576141.0,66.0,0.0,0.0,0.0,63.0,0.0,,0.0,0.0,,,,,
202,Dolphin Technical Institute,Beaumont,77703,,,6600.0,-200.0,-236560.0,,64157.0,307317.0,122.0,0.0,15.0,40.0,3.0,64.0,,0.0,0.0,,,,,
203,International Beauty College 3,Garland,75040-329,,,387393.0,387393.0,284796.0,,387393.0,387393.0,99.0,0.0,73.0,0.0,0.0,0.0,,0.0,0.0,,,,,
204,Education Service Center-Region 2,Corpus Christi,78401,,,304350.0,304350.0,304350.0,,304350.0,304350.0,70.0,0.0,0.0,3.0,26.0,41.0,,0.0,0.0,2.0,18.0,0.0,21.0,
205,Texas College of Traditional Chinese Medicine,Austin,78704,,,566392.0,566392.0,547386.0,,520467.0,510979.0,65.0,0.0,15.0,0.0,5.0,44.0,,0.0,0.0,6.0,7.0,8.0,15.0,
206,TYLER INTERNATIONAL SCHOOL OF AVIATION,TYLER,75704-9232,,,,,,,,,,,,,,,,,,,,,,
207,Southern Careers Institute Inc,San Antonio,78212,,,800941.0,800941.0,181831.0,,826941.0,1424391.0,126.0,0.0,0.0,9.0,96.0,21.0,,0.0,0.0,,,,,
208,Southern Careers Institute 1 Inc,San Antonio,78212,,,1246389.0,1246389.0,339854.0,,1315267.0,2168214.0,151.0,0.0,4.0,25.0,98.0,24.0,,0.0,0.0,,,,,
209,Southern Careers Institute1 Inc.,San Antonio,78221,,,1405825.0,1404866.0,971798.0,,1404866.0,1405825.0,169.0,0.0,3.0,11.0,68.0,81.0,,0.0,6.0,1.0,16.0,30.0,30.0,
210,Southern Careers Institute-San Antonio,San Antonio,78221,,,8563013.0,8563013.0,5923419.0,,8563013.0,8563013.0,315.0,0.0,5.0,42.0,210.0,43.0,13.0,0.0,2.0,,,,,
211,Arlington Medical Institute,Arlington,76011,,,203430.0,203430.0,0.0,,593530.0,594718.0,82.0,0.0,0.0,17.0,0.0,48.0,,0.0,0.0,,,,,
212,Academy of Oriental Medicine,Austin,78757,,,919616.0,918616.0,918616.0,,1396640.0,1415225.0,107.0,0.0,5.0,0.0,6.0,95.0,,0.0,0.0,3.0,18.0,12.0,30.0,
213,Academy of Oriental Medicine at Austin,Austin,78757,,,2249703.0,2249703.0,2249703.0,,3445090.0,3455877.0,204.0,0.0,16.0,5.0,19.0,156.0,0.0,8.0,0.0,10.0,32.0,34.0,84.0,424260.0
214,American College of Acupuncture and Oriental Med,Houston,70063-410,,,729390.0,720890.0,685897.0,,893446.0,893446.0,98.0,0.0,44.0,4.0,5.0,34.0,,9.0,0.0,4.0,5.0,5.0,13.0,
215,SUCCESS INSTITUTE OF BUSINESS,HOUSTON,77092,,,,,,,,,,,,,,,,,,,,,,
216,JPS Institute for Health Career Development,Fort  Worth,76119,,,342412.0,332012.0,229394.0,,1438058.0,1537076.0,123.0,0.0,4.0,27.0,16.0,76.0,,0.0,0.0,,,,,
217,BROWN INSTITUTE OF COURT REPORTING AND BUSINESS,LONGVIEW,75601-5120,,,293677.0,293677.0,209154.0,,357129.0,360952.0,58.0,0.0,0.0,0.0,0.0,51.0,,0.0,0.0,,,,,
218,TEXAS STATE HORSESHOEING SCHOOL,KENNEDALE,46060-7211,,,,,,,,,,,,,,,,,,,,,,
219,CORPUS CHRISTI AVIATION,CORPUS CHRISTI,78415,,,,,,,,,,,,,,,,,,,,,,
220,GLASSON FLIGHT TRAINING,CORPUS CHRISTI,78415,,,,,,,,,,,,,,,,,,,,,,
221,CAREER BLAZERS LEARNING CENTERS OF HOUSTON,HOUSTON,77056,,,,,,,,,,,,,,,,,,,,,,
222,HOUSTON AREA PLUMBING JOINT APPRENTICESHIP COMM,HOUSTON,77009,,,,,,,,,,,,,,,,,,,,,,
223,MRC SCHOOL OF MASSAGE,HOUSTON,77098,,,,,,,,,,,,,,,,,,,,,,
224,ITT Technical Institute-Webster,Webster,77598,,,5911819.0,5911819.0,5086412.0,,5911819.0,5911819.0,353.0,1.0,4.0,47.0,130.0,168.0,,3.0,0.0,5.0,23.0,39.0,50.0,524281.0
225,DENTAL OPPORTUNITIES,CHANNELVIEW,77530,,,,,,,,,,,,,,,,,,,,,,
226,TRI-STATE SEMI DRIVER TRAINING,HOUSTON,77040,,,,,,,,,,,,,,,,,,,,,,
227,LEONARDS TRAINING PROGRAMS INC,HOUSTON,77057,,,,,,,,,,,,,,,,,,,,,,
228,INSTITUTE OF COSMETIC ARTS AND SCIENCE,CORPUS CHRISTI,78412,,,,,,,,,,,,,,,,,,,,,,
229,LANDMARK BAPTIST THEOLOGICAL SEMINARY,FT WORTH,76117,,,,,,,,,,,,,,,,,,,,,,
230,AMERICAN AIRLINES TRAVEL ACADEMY,FT WORTH,76155,,,,,,,,,,,,,,,,,,,,,,
231,TEXAS ALLBREED GROOMING SCHOOL INC,ARLINGTON,76001,,,,,,,,,,,,,,,,,,,,,,
232,CLINICAL DENTAL CAREERS,BROWNSVILLE,78521,,,,,,,,,,,,,,,,,,,,,,
233,PROFESSIONAL CAREERS INSTITUTE,HOUSTON,77057,,,,,,,,,,,,,,,,,,,,,,
234,American Commercial College,Wichita Falls,76310,,,2320868.0,2320868.0,800727.0,,4838172.0,4134017.0,82.0,1.0,0.0,11.0,13.0,57.0,,0.0,0.0,,,,,
235,American Commercial College-Wichita Falls,Wichita Falls,76310,,,872537.0,872537.0,-393680.0,,872537.0,2143866.0,255.0,0.0,0.0,56.0,53.0,146.0,0.0,0.0,0.0,2.0,17.0,16.0,21.0,
236,Mid-Cities Barber College,Grand Prairie,75051-489,,,55178.0,55178.0,-6764.0,,130023.0,167992.0,20.0,0.0,0.0,3.0,8.0,8.0,,0.0,0.0,,,,,
237,The College of Saint Thomas More,Fort Worth,76109,,,232616.0,194441.0,180921.0,339189.0,369239.98046875,730529.0,,,,,,,,,,3.0,3.0,7.0,7.0,85093.0
238,Royal Beauty Careers,Houston,77069-461,,,752594.0,752594.0,613264.0,,981686.0,982974.0,144.0,0.0,0.0,0.0,0.0,144.0,,0.0,0.0,,,,,
239,Texas Career Institute-Kerrville,Kerrville,78028,,,347331.0,347331.0,254670.0,,548081.0,548081.0,40.0,0.0,0.0,0.0,0.0,36.0,,0.0,0.0,,,,,
240,VANGUARD INSTITUTE OF TECHNOLOGY,HARLINGEN,78550,,,,,,,,,,,,,,,,,,,,,,
241,STAR COLLEGE OF COSMETOLOGY 3,GRAPEVINE,76051-6231,,,121314.0,106999.0,79603.0,,172357.0,126015.0,,,,,,,,,,,,,,
242,Pipo Academy of Hair Design,El Paso,79903,,,146674.0,146674.0,16990.0,,200164.0,201653.0,42.0,0.0,0.0,0.0,41.0,0.0,,0.0,0.0,,,,,
243,Stephenville Beauty College,Stephenville,76401,,,442578.0,424475.0,366677.0,18103.0,463198.0,500404.0,,,,,,,,,,,,,,
244,Velma B's Beauty Academy,Dallas,75216,,,257604.0,257604.0,170714.0,,379448.0,292558.0,,,,,,,,,,,,,,
245,VOGUE COLLEGE OF COSMETOLOGY,BROWNSVILLE,78520,,,,,,,,,,,,,,,,,,,,,,
246,The University of Texas M.D.  Anderson Cancer Center,Houston,77030-400,,,24973.0,24973.0,24973.0,,716609.0,716609.0,20.0,0.0,3.0,3.0,0.0,0.0,,0.0,0.0,1.0,7.0,10.0,12.0,291206.0
247,REYNALDO GARZA SCHOOL OF LAW,SAN BENITO,78586,,,,,,,,,,,,,,,,,,,,,,
248,MONTESSORI TEACHER TRAINING,HOUSTON,77479,,,,,,,,,,,,,,,,,,,,,,
249,Faris Computer School Inc,Nederland,77627-382,,,249933.0,249933.0,237334.0,,249933.0,250131.0,25.0,0.0,0.0,0.0,0.0,18.0,,0.0,0.0,,,,,
250,Faris Technical Institute Inc,Nederland,77627-3829,,,129816.0,129816.0,53979.0,,129816.0,129816.0,26.0,0.0,0.0,2.0,4.0,20.0,0.0,0.0,0.0,2.0,2.0,5.0,6.0,
251,Careers Unlimited Beauty School,Houston,77055,,,810936.0,810936.0,209347.0,,846131.0,846131.0,226.0,0.0,125.0,0.0,46.0,0.0,,0.0,54.0,,,,,
252,ASSOCIATED BUILDERS AND CONTRACTORS CONSTR TRG CTR,NEDERLAND,77627,,,,,,,,,,,,,,,,,,,,,,
253,AIRLINE TRANSPORT PROFESSIONALS,GRAND PRAIRIE,75051,,,,,,,,,,,,,,,,,,,,,,
254,Baldwin Beauty School,Austin,78757-706,,,286158.0,286158.0,184185.0,,489738.0,489738.0,,,,,,,,,,,,,,
255,Baldwin Beauty School-North Austin,Austin,78757-7068,,,416131.0,416131.0,38799.0,,767019.0,1145325.0,144.0,0.0,9.0,15.0,26.0,91.0,0.0,3.0,0.0,,,,,
256,SECURITY ACADEMY OF TEXAS,NEDERLAND,77627,,,,,,,,,,,,,,,,,,,,,,
257,NEUHAUS EDUCATION CENTER,BELLAIRE,77401,,,,,,,,,,,,,,,,,,,,,,
258,LOWER RIO GRANDE VALLEY DEV COUNCIL POLICE ACADEMY,HARLINGEN,78550,,,,,,,,,,,,,,,,,,,,,,
259,ENVIRONMENTAL TRAINING AND CERTIFICATION,HOUSTON,77054-2681,,,,,,,,,,,,,,,,,,,,,,
260,South Texas College,McAllen,78502-970,,,14481210.0,13955574.0,-5628845.0,999995.0,55325713.0,73193072.0,10369.0,5.0,59.0,10.0,9849.0,439.0,,0.0,7.0,27.0,551.0,549.0,966.0,8455903.0
261,Texas State Technical College-Marshall,Marshall,75671,,,,,,,,,489.0,1.0,0.0,154.0,12.0,321.0,,0.0,1.0,,,,,
262,Southern Careers Institute-South Texas,Pharr,78577,,,1557546.0,1557546.0,188113.0,,1600046.0,2934725.0,298.0,0.0,0.0,0.0,291.0,5.0,,0.0,0.0,,,,,
263,Southern Careers Institute Inc-South Texas,Pharr,78577,,,1183322.0,1183322.0,0.0,,1851221.0,3036922.0,236.0,0.0,3.0,9.0,201.0,23.0,,0.0,0.0,,,,,
264,Southern Careers Institute-Pharr,Pharr,78577,,,4831761.0,4831761.0,3211145.0,,4831761.0,4831761.0,154.0,0.0,0.0,4.0,143.0,3.0,4.0,0.0,0.0,,,,,
265,Southern Careers Institute Inc-Corpus Christi,Corpus Christi,78414,,,1902658.0,1902658.0,707818.0,,1970426.0,3114091.0,233.0,0.0,4.0,11.0,182.0,36.0,,0.0,0.0,,,,,
266,Southern Careers Institute-Corpus Christi,Corpus Christi,78414,,,4202373.0,4202373.0,2906124.0,,4202373.0,4202373.0,158.0,0.0,2.0,22.0,104.0,25.0,5.0,0.0,0.0,,,,,
267,Sanford-Brown Institute-Dallas,Dallas,75247-610,,,2667147.0,2667147.0,2007413.0,,2681348.0,2681348.0,243.0,0.0,3.0,70.0,24.0,141.0,,5.0,0.0,,,,,
268,Sanford-Brown College-Dallas,Dallas,75247-6103,,,14218479.0,14218479.0,9328739.0,,14595198.0,14565851.0,1262.0,7.0,35.0,455.0,300.0,286.0,13.0,166.0,0.0,14.0,36.0,69.0,92.0,462972.0
269,Sanford-Brown College-Houston,Houston,77042,,,17588259.0,17587715.0,9971060.0,,17619457.0,17531745.0,1809.0,9.0,77.0,702.0,674.0,249.0,8.0,90.0,0.0,8.0,50.0,64.0,86.0,879275.0
270,BERLITZ LANGUAGE CENTERS,SAN ANTONIO,78228,,,,,,,,,,,,,,,,,,,,,,
271,TRI STATE SEMI DRIVER TRAINING INC,PALMER,75152,,,,,,,,,,,,,,,,,,,,,,
272,Medvance Institute-Houston,Houston,77057,,,442578.0,424475.0,366677.0,18103.0,463198.0,500404.0,,,,,,,,,,,,,,
273,Fortis College,Houston,77057,,,9065422.0,9065422.0,6626481.0,,9065422.0,9065422.0,724.0,2.0,4.0,311.0,281.0,47.0,6.0,71.0,2.0,7.0,29.0,55.0,62.0,
274,THE HOUSTON GALVESTON PSYCHOANALYTIC INSTITUTE,HOUSTON,770063908,,,,,,,,,,,,,,,,,,,,,,
275,The Academy of Health Care Professions-Northwest,Houston,77092,,,5790881.0,5790881.0,4037619.0,,6124478.0,6127933.0,383.0,1.0,9.0,71.0,192.0,91.0,1.0,18.0,0.0,,,,,732595.0
276,TEXAS SCHOOL OF BARTENDERS INC,HOUSTON,77098,,,,,,,,,,,,,,,,,,,,,,
277,ICC Technical Institute,Houston,77004-293,,,616978.0,616978.0,354034.0,,764397.0,501628.0,122.0,0.0,113.0,2.0,7.0,0.0,,0.0,0.0,,,,,
278,School of Hair Design,Texarkana,75503,,,179800.0,179800.0,0.0,,394303.0,394303.0,77.0,1.0,0.0,6.0,4.0,66.0,,0.0,0.0,,,,,
279,Sylvia's International School of Beauty,Houston,77091,,,592822.0,592822.0,413047.0,,624607.0,444832.0,204.0,0.0,3.0,14.0,167.0,20.0,,0.0,0.0,,,,,
280,College of Biblical Studies-Houston,Houston,77036-321,,,367770.0,367770.0,367770.0,1621509.0,493807.0,2132210.0,902.0,0.0,20.0,572.0,145.0,161.0,,4.0,0.0,,,,,
281,Houston Allied Health Careers Inc,Houston,77061-000,,,73427.0,73427.0,-98857.0,,104705.0,264059.0,,,,,,,,,,,,,,
282,CRAWFORDS BARBERING ACADEMY,BEAUMONT,77703,,,,,,,,,,,,,,,,,,,,,,
283,SHIRLEY BAKER CAREER INSTITUTE,HOUSTON,77092,,,1169123.0,1169123.0,916232.0,,1248294.0,1265066.0,200.0,0.0,0.0,55.0,27.0,116.0,,0.0,0.0,,,,,
284,AMARI INSTITUTE INC,HOUSTON,77092,,,,,,,,,,,,,,,,,,,,,,
285,A PROFESSIONAL,HOUSTON,77024,,,,,,,,,,,,,,,,,,,,,,
286,Star College of Cosmetology 2,Tyler,75702-821,,,467392.0,458891.0,328295.0,,545877.0,320682.0,43.0,0.0,0.0,0.0,0.0,19.0,,0.0,0.0,,,,,
287,METHODIST HOSPITAL SCHOOL OF MEDICAL TECHNOLOGY,HOUSTON,77030-2707,,,,,,,,,7.0,0.0,0.0,0.0,2.0,0.0,,0.0,0.0,4.0,13.0,0.0,19.0,
288,M WEEKS WELDING LABORATORY TESTING AND SCHOOL,NEDERLAND,77627,,,,,,,,,,,,,,,,,,,,,,
289,VISIBLE CHANGES UNIVERSITY,HOUSTON,77074,,,,,,,,,89.0,0.0,7.0,23.0,29.0,29.0,,0.0,0.0,,,,,
290,TOMBALL BEAUTY ACADEMY,TOMBALL,77375,,,,,,,,,,,,,,,,,,,,,,
291,Polytechnic Institute,Houston,77022,,,1431239.0,1431239.0,755930.0,,1451295.0,1451295.0,161.0,0.0,0.0,32.0,120.0,9.0,,0.0,0.0,,,,,
292,Remington College-Houston Campus,Houston,77082,,,3815697.0,3815697.0,2880171.0,,3815697.0,3815697.0,342.0,0.0,5.0,139.0,116.0,77.0,,5.0,0.0,6.0,27.0,40.0,49.0,588895.0
293,INSTITUTE-EASTERN ORTHODOX STUDIES,HOUSTON,77087-2409,,,,,,,,,,,,,,,,,,,,,,
294,HELICOPTERS SERVICES INC,SPRING,77379,,,,,,,,,,,,,,,,,,,,,,
295,Institute of Ocean Technology,Houston,77024,,,,,,,,,,,,,,,,,,,,,,
296,CHAMPIONS SCHOOL OF REAL ESTATE,SPRING,77379-7686,,,,,,,,,,,,,,,,,,,,,,
297,Center for Advanced Legal Studies,Houston,77098-415,,,1113457.0,1113457.0,772600.0,,1149439.0,1495127.0,219.0,1.0,4.0,53.0,60.0,101.0,,0.0,0.0,6.0,47.0,41.0,58.0,
298,Pinnacle Career Centers,Houston,77054,,,,,,,,,,,,,,,,,,,,,,
299,Pinnacle Career Center,Houston,77054,,,434130.0,434130.0,0.0,,434130.0,434130.0,18.0,0.0,0.0,11.0,7.0,0.0,,0.0,0.0,,,,,
300,Astrodome Career Centers,Houston,77054,,,21862.0,21862.0,21862.0,,21862.0,76163.0,5.0,0.0,0.0,0.0,5.0,0.0,,0.0,0.0,,,,,
301,SW School of Business and Technical Careers-Cosmetology,San Antonio,78212-190,,,14551.0,14551.0,-45069.0,,80676.0,140296.0,16.0,0.0,0.0,6.0,5.0,3.0,,0.0,0.0,,,,,
302,Sebring Career Schools,Houston,77074-601,,,563077.0,563077.0,307690.0,,568086.0,411785.0,118.0,0.0,105.0,9.0,4.0,0.0,,0.0,0.0,,,,,
303,TAYLORS INSTITUTE OF COSMETOLOGY,CORSICANA,75110,,,85354.0,85354.0,0.0,1563.0,119833.0,121396.0,40.0,0.0,0.0,0.0,0.0,23.0,,0.0,0.0,,,,,
304,School of Automotive Machinists,Houston,77055,,,543869.0,543869.0,366208.0,,933334.0,933334.0,106.0,0.0,0.0,2.0,3.0,98.0,,0.0,2.0,,,,,
305,San Antonio Beauty College 4,San Antonio,78226,,,44229.0,44229.0,15792.0,,132356.0,137210.0,9.0,0.0,0.0,0.0,7.0,0.0,,0.0,0.0,,,,,
306,University of Cosmetology Arts & Sciences-San Antonio Jamar,San Antonio,78226,,,544853.0,544853.0,242658.0,,595374.0,595374.0,78.0,0.0,0.0,9.0,67.0,2.0,0.0,0.0,0.0,1.0,3.0,6.0,6.0,
307,R S INSTITUTE,HOUSTON,77023,,,,,,,,,,,,,,,,,,,,,,
308,ITT Technical Institute-San Antonio,San Antonio,78249-3303,,,13435870.0,13435870.0,11724823.0,,13435870.0,13435870.0,750.0,9.0,11.0,49.0,420.0,260.0,,1.0,0.0,8.0,44.0,51.0,76.0,685969.0
309,CLASSIC BEAUTY ACADEMY,CONROE,77301,,,,,,,,,56.0,0.0,0.0,12.0,0.0,0.0,,0.0,0.0,,,,,
310,BAYLOR UNIVERSITY MEDICAL CENTER-SCH OF RAD TECHN,DALLAS,75246,,,,,,,,,,,,,,,,,,,,,,
311,ACTION CAREER TRAINING,ABILENE,79602-5911,,,,,,,,,,,,,,,,,,,,,,
312,PCI Health Training Center,Dallas,75247-472,,,2025183.0,2025183.0,1184834.0,,2025183.0,2025183.0,242.0,0.0,2.0,115.0,81.0,42.0,,0.0,0.0,,,,,
313,Sebring Career Schools-Houston,Houston,77083,,,512437.0,512437.0,48128.0,,514304.0,514304.0,109.0,0.0,91.0,3.0,3.0,12.0,0.0,0.0,0.0,,,,,
314,Northwest Educational Center,Houston,77092,,,340946.0,340946.0,0.0,,340946.0,340946.0,,,,,,,,,,,,,,
315,INTERNATIONAL CHRISTIAN INSTITUTE AND GRADUATE SCH,HOUSTON,77272,,,,,,,,,,,,,,,,,,,,,,
316,TEXAS SECURITY OFFICERS INSTITUTE,HOUSTON,77017-3626,,,,,,,,,,,,,,,,,,,,,,
317,TEXAS BIBLE COLLEGE,HOUSTON,77023,,,,,,,,,,,,,,,,,,,,,,
318,Seguin Beauty School,New Braunfels,78130,,,38230.0,38230.0,16513.0,,118408.0,102483.0,11.0,0.0,0.0,0.0,0.0,9.0,,0.0,0.0,,,,,
319,Seguin Beauty School-New Braunfels,New Braunfels,78130,,,466825.0,466825.0,273581.0,,490248.0,490248.0,54.0,0.0,0.0,0.0,23.0,31.0,0.0,0.0,0.0,1.0,2.0,5.0,5.0,
320,ELECTRICAL TRAINING CENTER,HOUSTON,77061-2006,,,,,,,,,,,,,,,,,,,,,,
321,Interactive Learning Systems-Houston,Houston,77081-3007,,,2979470.0,2979470.0,2761862.0,,2979470.0,2979470.0,17.0,0.0,5.0,0.0,10.0,0.0,0.0,2.0,0.0,,,,,
322,BAY RIDGE CHRISTIAN COLLEGE,KENDLETON,77451,,,,,,,,,,,,,,,,,,,,,,
323,ITT Technical Institute-Houston North,Houston,77090,,,6942155.0,6942155.0,6002185.0,,6942155.0,6942155.0,380.0,3.0,6.0,64.0,150.0,156.0,,1.0,0.0,5.0,25.0,45.0,55.0,618176.0
324,ITT Technical Institute-Austin,Austin,78723,,,13135680.0,13135680.0,11669279.0,,13135680.0,13135680.0,758.0,5.0,25.0,83.0,263.0,376.0,,6.0,0.0,8.0,35.0,56.0,74.0,734374.0
325,Commonwealth Institute of Funeral Service,Houston,77090-591,,,906608.0,906608.0,782862.0,8171.0,906608.0,830027.0,150.0,0.0,0.0,54.0,30.0,64.0,,0.0,0.0,2.0,6.0,7.0,11.0,69081.0
326,Computer Career Center,El Paso,79925-202,,,1229508.0,1229508.0,519517.0,,1462822.0,1478995.0,273.0,0.0,0.0,18.0,227.0,12.0,,0.0,16.0,,,,,
327,Computer Career Center a division of Vista College,El Paso,79925-2021,,,16239334.0,16239334.0,6528274.0,,16317480.0,25966292.0,1329.0,2.0,4.0,68.0,934.0,154.0,5.0,158.0,4.0,,,,,1877745.0
328,Texas Culinary Academy,Austin,78758,,,,,,,,,135.0,0.0,4.0,11.0,23.0,96.0,,0.0,0.0,8.0,10.0,19.0,26.0,219278.0
329,Le Cordon Bleu College of Culinary Arts-Austin,Austin,78758,,,24057692.0,24057692.0,20555874.0,,27145117.0,27015135.0,1183.0,7.0,28.0,79.0,315.0,596.0,67.0,91.0,0.0,16.0,50.0,82.0,99.0,1384359.0
330,Career Academy Inc,Texarkana,75501,,,163570.0,158945.0,-5.0,,252653.0,236129.0,52.0,0.0,0.0,27.0,0.0,24.0,,0.0,0.0,,,,,
331,Iverson Business School and Court Reporting,Arlington,76011,,,391423.0,391423.0,318550.0,,412112.0,412112.0,108.0,0.0,1.0,13.0,17.0,77.0,,0.0,0.0,,,,,
332,Border Institute of Technology,El Paso,79925,,,1205670.0,1205670.0,486670.0,,1830150.0,1830150.0,201.0,0.0,0.0,14.0,151.0,33.0,,0.0,0.0,6.0,13.0,23.0,31.0,111602.0
333,MARSHALL COLLEGE OF BEAUTY,MARSHALL,75670,,,41462.0,41462.0,13025.0,,132356.0,137210.0,27.0,0.0,0.0,17.0,0.0,10.0,,0.0,0.0,,,,,
334,Star College of Cosmetology 4,Longview,75601-683,,,184794.0,173794.0,108798.0,,232135.0,150738.0,27.0,0.0,0.0,12.0,0.0,14.0,,0.0,0.0,,,,,
335,Paul Mitchell The School- Houston,Houston,77090,,,298468.0,298468.0,82598.0,,298468.0,298468.0,77.0,0.0,3.0,6.0,14.0,49.0,,5.0,0.0,,,,,
336,Paul Mitchell the School-Houston,Houston,77043,,,3136708.0,3136708.0,2322039.0,,3744229.0,3744229.0,271.0,0.0,12.0,46.0,78.0,113.0,1.0,20.0,1.0,2.0,11.0,29.0,30.0,
337,VOGUE COLLEGE OF COSMETOLOGY 25,CORPUS CHRISTI,78404,,,,,,,,,,,,,,,,,,,,,,
338,Austin Graduate School of Theology,Austin,78705,,,62874.0,53074.0,31821.0,442971.0,101292.0,575559.0,78.0,0.0,0.0,19.0,0.0,58.0,,0.0,0.0,1.0,4.0,9.0,10.0,156339.0
339,San Antonio Beauty College 3,San Antonio,78217,,,144629.0,144629.0,52394.0,,170906.0,269352.0,34.0,0.0,0.0,0.0,9.0,15.0,,0.0,0.0,,,,,
340,University of Cosmetology Arts & Sciences-San Antonio Perrin,San Antonio,78217,,,701244.0,701244.0,341439.0,,844298.0,844298.0,74.0,0.0,2.0,10.0,49.0,12.0,0.0,0.0,1.0,2.0,4.0,5.0,7.0,
341,Sebring Career Schools-Huntsville,Huntsville,77340,,,271874.0,271874.0,78209.0,,271874.0,271874.0,42.0,0.0,0.0,9.0,8.0,25.0,0.0,0.0,0.0,,,,,
342,Houston Graduate School of Theology,Houston,77092-772,,,556079.0,556079.0,406079.0,206776.0,800970.0,1185946.0,193.0,0.0,20.0,65.0,7.0,94.0,,0.0,7.0,,,,,
343,Career Centers of Texas-El Paso,El Paso,78207,,,4187408.0,4187408.0,287147.0,,1929561.0,4204138.0,557.0,0.0,0.0,9.0,469.0,78.0,,0.0,0.0,,,,,
344,Kaplan College-El Paso,El Paso,79907,,,12695934.0,12692432.0,7784169.0,,12692432.0,12309159.0,892.0,3.0,3.0,17.0,300.0,64.0,1.0,504.0,0.0,,,,,249779.0
345,Parker College of Chiropractic,Dallas,75229-566,,,16379891.0,16379891.0,16304683.2988281,67878.0,20763751.0,20939520.0,909.0,3.0,98.0,33.0,48.0,725.0,,2.0,0.0,34.0,95.0,243.0,274.0,
346,Parker University,Dallas,75229-5668,,,24885636.0,24396114.0,23985686.0,956396.0,28653904.0,31183434.0,892.0,7.0,52.0,58.0,89.0,614.0,10.0,57.0,5.0,,,,,3634781.0
347,RHDC HAIR DESIGN COLLEGE,FT WORTH,76115,,,156312.0,156312.0,32628.0,,256386.0,256386.0,68.0,0.0,6.0,58.0,0.0,0.0,,0.0,0.0,,,,,
348,WILLIAMS BARBER COLLEGE,FT WORTH,76104,,,,,,,,,,,,,,,,,,,,,,
349,Wiley College,Marshall,75670,,,4333480.0,3854801.0,1905016.0,2088587.0,9389565.0,11571395.0,578.0,0.0,0.0,506.0,0.0,18.0,,0.0,51.0,11.0,42.0,124.0,127.0,1248334.0
350,Wharton County Junior College,Wharton,77488,,,5322919.0,4692390.0,3585702.0,369643.0,18898650.0,21356226.0,4454.0,16.0,207.0,421.0,872.0,2921.0,,0.0,17.0,5.0,280.0,256.0,468.0,4191476.0
351,Western Texas College,Snyder,79549-950,,,1083223.0,1030816.0,498529.0,15485.0,7609577.0,8179665.0,1257.0,10.0,6.0,130.0,187.0,923.0,,0.0,1.0,12.0,78.0,116.0,201.0,1372156.0
352,West Texas A & M University,Canyon,79016-000,,,18738088.0,17804550.0,10294452.0,1084717.0,67475615.0,73154856.0,6651.0,44.0,73.0,191.0,662.0,5497.0,,0.0,184.0,109.0,311.0,649.0,785.0,8653257.0
353,WEST TEXAS BARBER STYLING COLLEGE,AMARILLO,79109,,,,,,,,,,,,,,,,,,,,,,
354,Weatherford College,Weatherford,76086-569,,,3035330.0,2597809.0,1203526.0,54100.0,15502616.0,17284248.0,2692.0,24.0,20.0,81.0,171.0,2354.0,,16.0,26.0,40.0,264.0,167.0,470.0,2991444.0
355,Wayland Baptist University,Plainview,79072,,,16178543.0,13871105.0,11135776.0,4617820.0,18561545.0,28001016.0,4586.0,32.0,86.0,741.0,596.0,2701.0,,400.0,30.0,32.0,87.0,267.0,300.0,3111910.0
356,WADLEY REGIONAL MEDICAL CENTER-SCHOOL OF RAD TECHN,TEXARKANA,75504,,,,,,,,,,,,,,,,,,,,,,
357,WADLEY REGIONAL MEDICAL CENTER SCHOOL OF MED TECH,TEXARKANA,75501,,,,,,,,,,,,,,,,,,,,,,
358,VOGUE COLLEGE OF COSMETOLOGY 13,SAN ANTONIO,78228,,,,,,,,,,,,,,,,,,,,,,
359,VOGUE COLLEGE OF COSMETOLOGY 15,SAN ANTONIO,78210,,,,,,,,,,,,,,,,,,,,,,
360,VOGUE COLLEGE OF COSMETOLOGY 4,AUSTIN,78751,,,,,,,,,,,,,,,,,,,,,,
361,VOGUE COLLEGE OF COSMETOLOGY 2,AUSTIN,78704,,,,,,,,,,,,,,,,,,,,,,
362,VOGUE COLLEGE OF COSMETOLOGY 9,LUBBOCK,79411,,,,,,,,,,,,,,,,,,,,,,
363,VOGUE COLLEGE OF COSMETOLOGY 8,WACO,76708,,,,,,,,,,,,,,,,,,,,,,
364,VOGUE COLLEGE OF COSMETOLOGY 7,MCALLEN,78501,,,,,,,,,,,,,,,,,,,,,,
365,VOGUE COLLEGE OF COSMETOLOGY 5,SAN ANTONIO,78221,,,,,,,,,,,,,,,,,,,,,,
366,International Renowned Beauty Academy,Fort Worth,76103,,,,,,,,,,,,,,,,,,,,,,
367,VOGUE COLLEGE OF COSMETOLOGY 14,SAN ANTONIO,78201,,,,,,,,,,,,,,,,,,,,,,
368,VOGUE COLLEGE OF COSMETOLOGY 1,CORPUS CHRISTI,78412,,,,,,,,,,,,,,,,,,,,,,
369,Victoria College,Victoria,77901,,,3196404.0,2522438.0,631740.0,749832.0,18409352.0,21500082.0,3801.0,6.0,38.0,167.0,1041.0,2537.0,,0.0,12.0,8.0,200.0,226.0,340.0,4262751.0
370,Victoria Beauty College Inc,Victoria,77901-623,,,442578.0,424475.0,366677.0,18103.0,463198.0,500404.0,67.0,0.0,0.0,13.0,26.0,0.0,,0.0,0.0,,,,,
371,Vernon College,Vernon,76384-409,,,2745109.0,2486013.0,584378.0,307087.0,13068072.0,14890885.0,2097.0,28.0,29.0,182.0,216.0,1627.0,,0.0,15.0,60.0,154.0,181.0,333.0,2126505.0
372,VALLEY BAPTIST MEDICAL CENTER SCHOOL OF VOC NURS,HARLINGEN,78550,,,,,,,,,,,,,,,,,,,,,,
373,Universal Technical Institute of Texas Inc,Houston,77073,,,16279000.0,16197930.0,13249559.0,,16197930.0,16279000.0,1336.0,0.0,0.0,0.0,0.0,0.0,,0.0,0.0,,,,,
374,University of Houston-System Administration,Houston,77204-201,,,,,,7984216.0,46157830.0,56143967.0,,,,,,,,,,,,,,
375,Tyler Junior College,Tyler,75789-000,,,8685902.0,7762626.0,2536254.0,1173762.0,38089815.0,45117120.0,8447.0,33.0,74.0,1661.0,346.0,6284.0,,0.0,49.0,37.0,417.0,462.0,802.0,8686357.0
376,TYLER COUNTY HOSPITAL SCHOOL OF NURSING,WOODVILLE,75979,,,,,,,,,,,,,,,,,,,,,,
377,Texas Tech University Health Sciences Center,Lubbock,79430-830,,,8801133.0,7927328.0,6949594.0,34003712.0,335960132.0,373959328.0,1650.0,12.0,0.0,27.0,150.0,1289.0,,0.0,172.0,171.0,729.0,3345.0,3776.0,5250789.0
378,Texas State Technical College-West Texas,Sweetwater,79556,,,1638105.0,1288838.0,-705402.0,56615.0,19459006.0,21352532.0,1224.0,8.0,11.0,50.0,241.0,914.0,,0.0,0.0,10.0,97.0,215.0,229.0,2847414.0
379,Texas State Technical College-Harlingen,Harlingen,78550-369,,,5462753.0,5413837.0,1139548.0,118718.0,32920162.0,36702716.0,3353.0,3.0,16.0,9.0,2919.0,406.0,,0.0,0.0,8.0,224.0,425.0,557.0,4772039.0
380,Texas State Technical College Harlingen,Harlingen,78550-3697,,,10388902.0,10315122.0,-1925779.0,,47536730.0,47482235.0,5466.0,9.0,35.0,37.0,4851.0,471.0,,26.0,37.0,9.0,251.0,492.0,619.0,5998319.0
381,Trinity University,San Antonio,78212-720,,,37025148.0,24382650.0,21504981.0,14120734.0,45085522.0,146267840.0,2515.0,12.0,185.0,59.0,258.0,1783.0,,186.0,32.0,34.0,271.0,621.0,701.0,13693600.0
382,Texas Woman's University,Denton,76201,,,23559144.0,18200024.0,14745565.0,1818537.0,97240518.0,107783520.0,8624.0,66.0,414.0,1179.0,778.0,6011.0,,0.0,176.0,46.0,432.0,1077.0,1161.0,18410679.0
383,Texas Wesleyan University,Fort Worth,76105-153,,,24927644.0,21081384.0,16871315.0,3397650.0,24015052.0,30275542.0,3049.0,41.0,68.0,380.0,407.0,1958.0,,97.0,98.0,35.0,248.0,350.0,483.0,6197101.0
384,Texas Vocational Schools Inc,Victoria,77901-562,,,710565.0,710565.0,355000.0,,1388969.0,1033969.0,185.0,0.0,0.0,22.0,69.0,93.0,,0.0,0.0,,,,,
385,Texas Tech University,Lubbock,79409-500,,,94617568.0,82977584.0,66153720.0,20395452.0,333755100.0,376948064.0,24249.0,101.0,464.0,720.0,2357.0,19657.0,,195.0,755.0,262.0,2385.0,3738.0,5909.0,48527003.0
386,The University of Texas System Office,Austin,78701-298,,,,,,394548.0,17779470.0,18174018.0,,,,,,,,,,,,,,
387,Texas Southern University,Houston,77004,,,21125716.0,19107594.0,11095972.0,2879869.0,83427111.0,95268616.0,6522.0,9.0,217.0,5457.0,347.0,168.0,,0.0,324.0,58.0,413.0,880.0,985.0,14205110.0
388,Texas Lutheran University,Seguin,78155-599,,,14867193.0,10924162.0,8278947.0,3943031.0,17771225.0,21630448.0,1547.0,9.0,20.0,92.0,277.0,1087.0,,12.0,50.0,33.0,131.0,222.0,310.0,2608134.0
389,University of North Texas Health Science Center at Fort Worth,Forth Worth,76107,,,4522197.0,4051852.0,3546801.0,3310281.0,90815834.0,97082992.0,705.0,6.0,162.0,36.0,61.0,411.0,,0.0,29.0,37.0,253.0,918.0,1017.0,
390,University of North Texas Health Science Center,Forth Worth,76107-2699,,,8151410.0,8061468.0,7300578.0,155109.0,152973802.0,156634000.0,1049.0,11.0,188.0,65.0,99.0,589.0,,2.0,95.0,52.0,377.0,1149.0,1343.0,
391,Texas College,Tyler,75702,,,3660959.0,2452478.0,351977.0,575997.0,5220336.0,6583522.0,294.0,0.0,3.0,285.0,0.0,4.0,,0.0,0.0,23.0,36.0,95.0,112.0,639923.0
392,Texas Christian University,Fort Worth,76129,,,83951000.0,60780000.0,55366699.0,6023000.0,93260000.0,169208992.0,7551.0,56.0,160.0,320.0,397.0,5906.0,,318.0,394.0,172.0,575.0,1167.0,1499.0,22671431.0
393,Texas Chiropractic College Foundation Inc,Pasadena,77505,,,6446477.0,6399960.0,6178963.0,265145.0,6987250.0,7552180.0,435.0,3.0,74.0,32.0,45.0,267.0,,6.0,8.0,14.0,38.0,94.0,101.0,1130161.0
394,TEXAS BARBER COLLEGE AND HAIRSTYLING SCHOOL 3,RICHARDSON,75080,,,,,,,,,,,,,,,,,,,,,,
395,TEXAS BAPTIST INSTITUTE AND SEMINARY,HENDERSON,75652,,,,,,,,,,,,,,,,,,,,,,
396,The Texas A & M University System Office,College Station,77845-342,,,,-1102.0,-2501104.0,458553.0,36670759.0,38541205.0,,,,,,,,,,,,,,
397,The Texas A&M University System Office,College Station,77845-3424,,,,,,233500.0,25268358.0,3640675.0,,,,,,,,,,,,,,
398,Texas A & M University,College Station,77843,,,200151616.0,170279840.0,127651481.0,89334968.0,1007888214.0,1144344960.0,43817.0,190.0,1445.0,1130.0,3793.0,33714.0,,608.0,2937.0,462.0,4228.0,7240.0,9857.0,117458749.0
399,Texas A & M University-College Station,College Station,77843-1244,,,490670975.0,410256455.0,314608364.0,124059387.0,1804121370.0,2030258765.0,49129.0,171.0,2149.0,1525.0,7020.0,32954.0,902.0,124.0,4284.0,542.0,5586.0,8305.0,11355.0,222985883.0
400,Texas A & M University at Galveston,Galveston,77554,,,5276501.0,4842872.0,3705608.0,665285.0,27680126.0,29246284.0,1288.0,8.0,22.0,17.0,107.0,1090.0,,33.0,11.0,30.0,63.0,294.0,294.0,2513519.0
401,Texas A & M University-Galveston,Galveston,77554,,,16125426.0,15520909.0,10576272.0,682678.0,47540738.0,49637595.0,1867.0,21.0,30.0,50.0,262.0,1427.0,49.0,10.0,18.0,,,,,6618439.0
402,Texas A & M University-Kingsville,Kingsville,78363,,,15983869.0,12237066.0,5245129.0,909273.0,68906839.0,80119240.0,5843.0,24.0,53.0,313.0,3598.0,1570.0,,0.0,285.0,50.0,386.0,817.0,936.0,9008511.0
403,Texarkana College,Texarkana,75599,,,3819357.0,3723523.0,1433831.0,,18395802.0,20313860.0,4010.0,4.0,11.0,709.0,65.0,3215.0,,0.0,6.0,6.0,107.0,243.0,243.0,4386499.0
404,Texas State Technical College-System,Waco,76705,,,,,,,2767311.0,2767311.0,,,,,,,,,,,,,,
405,Temple College,Temple,76504-743,,,3550490.0,3315614.0,1889957.0,373851.0,15660503.0,17634900.0,3261.0,19.0,31.0,372.0,411.0,2417.0,,0.0,11.0,17.0,191.0,195.0,314.0,3720693.0
406,Tarleton State University,Stephenville,76402-000,,,19377282.0,17391586.0,11261025.0,1891842.0,62583189.0,70490216.0,7433.0,56.0,95.0,539.0,450.0,6250.0,,0.0,43.0,63.0,411.0,691.0,925.0,11034174.0
407,Sul Ross State University,Alpine,79832,,,5577252.0,5233567.0,1738300.0,293487.0,35543663.0,39390556.0,2965.0,14.0,13.0,86.0,1534.0,1297.0,,0.0,21.0,41.0,226.0,345.0,454.0,5311790.0
408,Southwestern Christian College,Terrell,75160-481,,,1237886.0,1092123.0,735253.0,1843507.0,4404415.125,5207961.0,187.0,0.0,0.0,163.0,0.0,0.0,,0.0,18.0,7.0,21.0,47.0,70.0,247000.0
409,Southwestern Baptist Theological Seminary,Fort Worth,76115,,,6771014.0,4100326.0,4100326.0,5735216.0,10473644.0,38509900.0,3142.0,16.0,105.0,151.0,77.0,2549.0,,2.0,242.0,,,,,2811203.0
410,Southwestern Adventist University,Keene,76059,,,8183488.0,6673640.0,5188574.0,955536.0,10308633.0,12037296.0,1149.0,12.0,51.0,170.0,168.0,631.0,,0.0,117.0,21.0,91.0,110.0,165.0,1424025.0
411,Texas State University-San Marcos,San Marcos,78666,,,68138208.0,61380920.0,53473571.0,4788221.0,212416354.0,231577408.0,21769.0,132.0,416.0,1085.0,3968.0,15676.0,,186.0,306.0,148.0,902.0,2008.0,2667.0,30069982.0
412,Stephen F Austin State University,Nacogdoches,75962,,,27249114.0,25124940.0,16785448.0,3417155.0,117373372.0,129011216.0,11919.0,66.0,108.0,1383.0,614.0,9698.0,,0.0,50.0,81.0,493.0,1226.0,1312.0,18705265.0
413,STENOGRAPH INSTITUTE OF TEXAS,ABILENE,79601,,,,-5000.0,-162487.0,,1021746.0,1035882.0,79.0,0.0,0.0,9.0,32.0,38.0,,0.0,0.0,,,,,
414,SST TRAVEL SCHOOL,SAN ANTONIO,78228,,,,,,,,,,,,,,,,,,,,,,
415,Southwestern University,Georgetown,78626,,,18947612.0,12972831.0,11099253.0,16109738.0,19681667.0,58374660.0,1254.0,0.0,42.0,34.0,118.0,1050.0,,0.0,8.0,37.0,144.0,344.0,403.0,5432438.0
416,SOUTHWESTERN PROFESSIONAL INSTITUTE,HOUSTON,77056,,,,,,,,,,,,,,,,,,,,,,
417,Southwestern Assemblies of God University,Waxahachie,75165,,,9713860.0,9641360.0,7616089.0,3390161.0,12913825.0,15664503.0,1672.0,40.0,18.0,76.0,235.0,1285.0,,0.0,16.0,11.0,76.0,169.0,193.0,1894846.0
418,Southwest Texas Junior College,Uvalde,78801-629,,,3598660.0,3527857.0,-634059.0,16614.0,18642941.0,22766492.0,3397.0,0.0,20.0,49.0,2557.0,755.0,,9.0,7.0,7.0,182.0,220.0,418.0,2942846.0
419,Southwest Institute of Technology,Austin,78735,,,1167367.0,1167367.0,993801.0,,1252680.0,1205666.0,92.0,0.0,20.0,17.0,23.0,28.0,,4.0,0.0,0.0,15.0,6.0,20.0,48248.0
420,SOUTHWEST BIBLE INSTITUTE,SAN ANGELO,76901,,,,,,,,,,,,,,,,,,,,,,
421,Southern Methodist University,Dallas,75275-022,,,171734000.0,122896000.0,115967000.0,76092000.0,172999000.0,324736992.0,10361.0,47.0,594.0,681.0,768.0,7582.0,,0.0,689.0,198.0,885.0,1850.0,2275.0,34287892.0
422,SOUTH TEXAS VO-TECH BROWNSVILLE,BROWNSVILLE,78520,,,1145375.0,1098696.0,616846.0,,1194242.0,1157467.0,161.0,0.0,0.0,0.0,125.0,36.0,,0.0,0.0,,,,,
423,South Texas Vocational Technical Institute-McAllen,McAllen,78501,,,2562530.0,2478691.0,1034972.0,,2499834.0,2583673.0,337.0,0.0,0.0,0.0,291.0,4.0,,39.0,0.0,,,,,
424,South Texas Vo-Tech Institute,Weslaco,78596,,,,-311181.0,-899194.0,,1570461.0,1881642.0,215.0,0.0,0.0,0.0,213.0,0.0,,0.0,0.0,,,,,
425,South Texas College of Law,Houston,77002-700,,,19835672.0,19004716.0,17311507.0,2977249.0,21069931.0,28146778.0,1220.0,11.0,62.0,58.0,149.0,936.0,,0.0,4.0,23.0,47.0,149.0,169.0,4437422.0
426,South Texas Barber College Inc,Corpus Christi,78415,,,,,,,,,,,,,,,,,,,,,,
427,South Plains College,Levelland,79336,,,7843063.0,7242770.0,2080825.0,,28495588.0,34025776.0,6468.0,31.0,57.0,292.0,1650.0,4407.0,,0.0,31.0,15.0,404.0,422.0,647.0,7867289.0
428,St Marys University,San Antonio,78228-857,,,44949668.0,37856620.0,35494540.0,6139426.0,52015510.0,64675824.0,4065.0,12.0,102.0,160.0,2229.0,1397.0,,29.0,136.0,51.0,227.0,599.0,662.0,11202975.0
429,St. Mary's University,San Antonio,78228-8572,,,89933971.0,61611570.0,51080788.0,3594859.0,90745602.0,84631165.0,4188.0,14.0,107.0,157.0,2230.0,1136.0,3.0,211.0,330.0,70.0,344.0,651.0,820.0,16496244.0
430,SKILES UNIVERSITY OF HAIR DESIGN,FT WORTH,76180,,,,,,,,,,,,,,,,,,,,,,
431,Seguin Beauty School-Seguin,Seguin,78155,,,466825.0,466825.0,273581.0,,490248.0,490248.0,39.0,0.0,0.0,5.0,23.0,11.0,0.0,0.0,0.0,3.0,2.0,7.0,7.0,
432,Schreiner University,Kerrville,78028-569,,,7121990.0,3910557.0,2389863.0,10641918.0,7525592.0,20482180.0,803.0,0.0,9.0,23.0,115.0,644.0,,0.0,8.0,28.0,70.0,167.0,210.0,1395004.0
433,Sam Houston State University,Huntsville,77341,,,29808108.0,28197948.0,20626879.0,1221444.0,106820054.0,115100576.0,12215.0,71.0,128.0,1605.0,1021.0,9304.0,,0.0,86.0,47.0,644.0,1016.0,1265.0,18906886.0
434,Career Advancement and Applied Technology Training Division,San Antonio,78223-479,,,828662.0,828662.0,136045.0,,1919331.0,1959828.0,46.0,0.0,0.0,0.0,22.0,16.0,,0.0,0.0,,,,,
435,University of St Thomas,Houston,77006-469,,,24545596.0,19533746.0,18654480.0,7385730.0,22750344.0,32939542.0,3345.0,11.0,250.0,314.0,816.0,1603.0,,78.0,273.0,12.0,231.0,230.0,376.0,5631791.0
436,Saint Edward's University,Austin,78704,,,33142844.0,27901434.0,25841664.0,1608247.0,36279936.0,41221312.0,3669.0,20.0,90.0,196.0,932.0,2097.0,,153.0,181.0,43.0,263.0,373.0,595.0,4507686.0
437,ROFFLER SCH OF HAIR DESIGN,AUSTIN,78756,,,,,,,,,,,,,,,,,,,,,,
438,Richland College,Dallas,75243-219,,,12302856.0,12175076.0,8550289.0,28821.72265625,41635113.0,44692656.0,11329.0,64.0,1441.0,1659.0,1447.0,5927.0,,89.0,702.0,55.0,1000.0,451.0,1759.0,7268408.0
439,Rice University,Houston,77005,,,66224000.0,38541224.0,37339804.0,98482832.0,105937980.0,750483968.0,4274.0,24.0,481.0,224.0,325.0,1848.0,,862.0,510.0,92.0,607.0,1875.0,2123.0,38684174.0
440,Redstone Institute-Houston,Houston,77061,,,5175805.0,5175805.0,5175805.0,,5205110.0,5205110.0,369.0,1.0,50.0,53.0,100.0,159.0,,6.0,0.0,,,,,
441,Aviation Institute of Maintenance,Houston,77061,,,5379925.0,5359725.0,4753257.0,,5580786.0,5580786.0,402.0,1.0,15.0,64.0,146.0,158.0,,16.0,2.0,,,,,
442,Aviation Institute of Maintenance-Houston,Houston,77061,,,3440351.0,3440351.0,3440351.0,,3440351.0,3440351.0,105.0,2.0,8.0,11.0,36.0,44.0,4.0,0.0,0.0,6.0,13.0,23.0,27.0,
443,Ranger College,Ranger,76470,,,815785.0,423939.0,-374756.0,500.0,4461483.0,5709302.0,827.0,5.0,2.0,168.0,103.0,537.0,,5.0,7.0,9.0,52.0,69.0,113.0,772844.0
444,DELTA QUALA TRAINING INC,FT WORTH,76106,,,,,,,,,,,,,,,,,,,,,,
445,PROFESSIONAL CAREER COLLEGE,RICHARDSON,75080,,,1180284.0,1180284.0,1022056.0,,1341668.0,1341668.0,215.0,0.0,0.0,0.0,18.0,169.0,,0.0,0.0,10.0,9.0,19.0,19.0,
446,Prairie View A & M University,Prairie View,77446,,,16537390.0,14358317.0,893645.0,1475227.0,86917663.0,97372536.0,6271.0,0.0,57.0,5501.0,110.0,450.0,,4.0,146.0,79.0,283.0,860.0,917.0,12317936.0
447,Paul Quinn College,Dallas,75241,,,2922878.0,1998017.0,-1947575.0,2874456.0,6671266.0,9886415.0,670.0,0.0,3.0,601.0,35.0,18.0,,0.0,13.0,18.0,49.0,108.0,116.0,756164.0
448,Paris Junior College,Paris,75460,,,3844935.0,3326001.0,1217399.0,,17376218.0,19844568.0,2906.0,45.0,25.0,404.0,83.0,2345.0,,0.0,4.0,24.0,147.0,163.0,261.0,2765873.0
449,Panola College,Carthage,75633,,,1766100.0,1287956.0,-143260.0,17179.0,11071431.0,12817903.0,1522.0,4.0,3.0,272.0,46.0,1196.0,,0.0,1.0,8.0,102.0,132.0,174.0,2423411.0
450,PAGE PARKES CENTER OF MODELING AND ACTING,HOUSTON,77098,,,,,,,,,,,,,,,,,,,,,,
451,Our Lady of the Lake University-San Antonio,San Antonio,78207-468,,,29833040.0,25149228.0,22235798.0,1631098.0,32835954.0,39601368.0,3564.0,10.0,62.0,325.0,1905.0,1131.0,,104.0,27.0,25.0,269.0,437.0,591.0,5883562.0
452,Odessa College,Odessa,79764,,,4223440.0,3463833.0,1225556.0,139181.0,29750223.0,32840816.0,4777.0,36.0,57.0,191.0,1686.0,2804.0,,0.0,3.0,13.0,420.0,355.0,729.0,4584015.0
453,Ocean Corporation,Houston,77099,,,2140810.0,2140810.0,1916394.0,,2166254.0,2196756.0,128.0,2.0,1.0,4.0,12.0,109.0,,0.0,0.0,,,,,
454,Oblate School of Theology,San Antonio,78216-669,,,1003023.0,1003023.0,1003023.0,2197369.0,3336896.0,6014978.0,144.0,0.0,0.0,4.0,35.0,73.0,,0.0,0.0,13.0,18.0,53.0,59.0,420154.0
455,Northeast Texas Community College,Mount Pleasant,75455,,,1952985.0,1905736.0,149876.0,70721.0,10957086.0,12551734.0,1956.0,11.0,8.0,170.0,113.0,1654.0,,0.0,0.0,15.0,100.0,157.0,246.0,1834144.0
456,University of North Texas,Denton,76203-127,,,84762048.0,76418160.0,59628149.0,12187895.0,259018681.0,287704320.0,26493.0,218.0,999.0,2276.0,2001.0,19109.0,,639.0,1251.0,119.0,1870.0,2425.0,3663.0,40083055.0
457,North Lake College,Irving,75038-389,,,7013418.0,6871449.0,5486615.0,,26028563.1894531,27253056.0,7030.0,43.0,654.0,934.0,1064.0,3953.0,,43.0,339.0,37.0,666.0,223.0,1181.0,3380867.0
458,Neilson Beauty College,Dallas,75208,,,186338.0,186338.0,93169.0,,352401.0,259232.0,74.0,0.0,0.0,0.0,73.0,0.0,,0.0,0.0,,,,,
459,Navarro College,Corsicana,75110,,,4113439.0,3905022.0,1540234.0,168338.0,19335978.0,22167744.0,3611.0,9.0,110.0,699.0,271.0,2379.0,,0.0,143.0,42.0,234.0,209.0,374.0,3108709.0
460,International Beauty College,Irving,75061-423,,,116175.0,116175.0,62919.0,,403217.0,349980.0,102.0,0.0,65.0,14.0,11.0,0.0,,0.0,0.0,,,,,
461,Tint School of Makeup and Cosmetology,Irving,75061-4235,,,762398.0,762398.0,458319.0,,864320.0,864320.0,53.0,0.0,3.0,9.0,32.0,8.0,0.0,1.0,0.0,1.0,2.0,4.0,4.0,
462,Tint School of Makeup and Cosmetology-Irving,Irving,75061-4235,,,750055.0,750055.0,492497.0,,802473.0,544915.0,67.0,4.0,3.0,16.0,37.0,7.0,0.0,0.0,0.0,1.0,2.0,4.0,5.0,
463,UNITED STATES NATIONAL TENNIS ACADEMY,Dallas,75204-5881,,,,,,,,,,,,,,,,,,,,,,
464,Everest Institute-San Antonio,San Antonio,78213,,,9998831.0,9997656.0,7519694.0,,9997656.0,9998831.0,1033.0,0.0,3.0,77.0,652.0,146.0,,155.0,0.0,,,,,
465,Mountain View College,Dallas,75211-659,,,3617717.0,3577744.0,1117600.0,6695.0,18963511.0,20930044.0,5121.0,35.0,190.0,1453.0,1722.0,1666.0,,24.0,31.0,24.0,367.0,198.0,807.0,3681991.0
466,Southern Careers Institute-Austin,Austin,78704,,,4655742.0,4655742.0,3032157.0,,4655742.0,4655742.0,142.0,0.0,3.0,39.0,64.0,33.0,3.0,0.0,0.0,,,,,
467,MODERN BARBER COLLEGE,HOUSTON,77002,,,,,,,,,,,,,,,,,,,,,,
468,Wade College,Dallas,75207,,,1676616.0,1676616.0,1352591.0,,1676616.0,1715444.0,171.0,0.0,0.0,39.0,25.0,100.0,,0.0,0.0,4.0,8.0,12.0,16.0,94912.0
469,Mims Classic Beauty College,San Antonio,78216-821,,,197184.0,197184.0,56256.0,,262270.0,262679.0,60.0,0.0,0.0,0.0,27.0,23.0,,0.0,0.0,,,,,
470,Midwestern State University,Wichita Falls,76308-209,,,18340296.0,15708269.0,9066331.0,2492195.0,47423399.0,55229864.0,5765.0,49.0,146.0,407.0,406.0,4411.0,,0.0,346.0,38.0,294.0,495.0,1063.0,8957698.0
471,Midland College,Midland,79705,,,4118945.0,3462276.0,772209.0,5845181.0,25571157.0,34202476.0,4733.0,22.0,58.0,258.0,1200.0,3150.0,,0.0,45.0,38.0,253.0,269.0,759.0,3537331.0
472,Metroplex Beauty School,Mesquite,75149-340,,,,-14256.0,-185064.0,,172358.0,395686.0,79.0,0.0,11.0,13.0,10.0,45.0,,0.0,0.0,,,,,
473,COVENANT HEALTH SYSTEMS SCHOOL OF RADIOLOGIC,LUBBOCK,79410,,,,,,,,,,,,,,,,,,,,,,
474,Covenant School of Nursing and Allied Health,Lubbock,79410-109,,,438863.0,436688.0,321259.0,,1555761.0,1666840.0,128.0,0.0,3.0,0.0,24.0,94.0,,0.0,0.0,,,,,
475,MEMORIAL HOSPITAL SCHOOL OF RADIOLOGIC TECHNOLOGY,HOUSTON,77074,,,,,,,,,,,,,,,,,,,,,,
476,MEMORIAL HERMANN MEMORIAL CITY HOSP SCH OF VOC NUR,HOUSTON,77024-2434,,,,,,,,,,,,,,,,,,,,,,
477,McMurry University,Abilene,79697,,,11066059.0,8434960.0,6932987.0,11326616.0,11390950.0,25909660.0,1339.0,11.0,22.0,106.0,145.0,1025.0,,18.0,12.0,10.0,78.0,218.0,223.0,3112120.0
478,McLennan Community College,Waco,76708,,,5886841.0,5508795.0,182376.0,,28433999.0,33708264.0,5589.0,17.0,87.0,839.0,656.0,3969.0,,0.0,21.0,30.0,271.0,419.0,546.0,6799841.0
479,MAYO-HILL SCHOOL OF MODELING,HOUSTON,77063-1620,,,,,,,,,,,,,,,,,,,,,,
480,MARY LYNNES BEAUTY SCHOOL,TEXARKANA,75502,,,,,,,,,,,,,,,,,,,,,,
481,University of Mary Hardin-Baylor,Belton,76513-259,,,17746312.0,15480924.0,10778819.0,2403065.0,22092516.0,29913272.0,2566.0,23.0,49.0,269.0,239.0,1959.0,,0.0,27.0,45.0,218.0,264.0,386.0,4402226.0
482,College of the Mainland,Texas City,77591-249,,,2513338.0,2467653.0,1007249.0,75326.0,26833696.0,28122832.0,3333.0,68.0,16.0,590.0,524.0,2117.0,,0.0,18.0,30.0,380.0,276.0,588.0,3308597.0
483,Lubbock Christian University,Lubbock,79407-209,,,11726439.0,7972153.0,5526145.0,1607313.0,17168669.0,18986246.0,1462.0,9.0,10.0,58.0,149.0,1210.0,,0.0,26.0,32.0,68.0,182.0,214.0,2167269.0
484,Lubbock Hair Academy,Lubbock,79410,,,,,,,,,,,,,,,,,,,,,,
485,Lon Morris College,Jacksonville,75766-080,,,2492873.0,1052859.0,373479.0,7085934.0,3084212.5078125,12524686.0,338.0,2.0,4.0,38.0,27.0,252.0,,0.0,15.0,10.0,31.0,66.0,83.0,700145.0
486,LINDSEY-COOPER REFRIGERATION SCHOOL INCORPORATED,IRVING,75060,,,,,,,,,,,,,,,,,,,,,,
487,Lincoln Technical Institute,Grand Prairie,75052,,,4101827.0,4049744.0,3667030.0,,4118356.0,4170439.0,352.0,2.0,9.0,62.0,125.0,150.0,,2.0,2.0,,,,,
488,Lincoln College of Technology,Grand Prairie,75052,,,16643801.0,16643801.0,11149587.0,,16744948.0,22138015.0,481.0,1.0,6.0,95.0,74.0,139.0,0.0,166.0,0.0,,,,,
489,Lincoln College of Technology-Grand Prairie,Grand Prairie,75052,,,20076808.0,20076808.0,11858825.0,,20249467.0,28294791.0,1839.0,4.0,29.0,387.0,516.0,604.0,5.0,294.0,0.0,,,,,2031041.0
490,LeTourneau University,Longview,75607-700,,,25005476.0,20945676.0,19437362.0,4189973.0,26256626.0,32109124.0,2805.0,18.0,33.0,395.0,166.0,2068.0,,70.0,55.0,34.0,173.0,205.0,363.0,2392161.0
491,Lee College,Baytown,77520,,,4588051.0,4054874.0,1743836.0,348076.0,31426461.0,34431600.0,5906.0,25.0,57.0,1011.0,1055.0,3715.0,,0.0,43.0,23.0,368.0,336.0,674.0,9273735.0
492,LATIN AMERICAN BIBLE INSITUTE,SAN ANTONIO,78254,,,,,,,,,,,,,,,,,,,,,,
493,LARRYS BARBER AND HAIRSTYLING COLLEGE,DALLAS,75232,,,,,,,,,,,,,,,,,,,,,,
494,Texas A & M International University,Laredo,78041-190,,,6045406.0,5065338.0,1494880.0,113602.0,40171687.0,44085296.0,3209.0,2.0,18.0,7.0,2823.0,185.0,,0.0,174.0,31.0,140.0,370.0,382.0,5597889.0
495,Laredo Community College,Laredo,78040-439,,,6478450.0,6188473.0,-2150968.0,157990.0,36261923.8125,43628024.0,7457.0,2.0,41.0,10.0,7118.0,170.0,,0.0,116.0,29.0,330.0,486.0,626.0,8913494.0
496,Laredo Beauty College Inc,Laredo,78040,,,3759858.0,3759858.0,3199283.0,,12314260.0,12314260.0,123.0,0.0,0.0,0.0,121.0,0.0,,0.0,0.0,,,,,
497,KINGS WAY MISSIONARY INSTITUTE,MCALLEN,78501,,,,,,,,,,,,,,,,,,,,,,
498,VOGUE COLLEGE OF COSMETOLOGY 21,KILLEEN,76541,,,,,,,,,,,,,,,,,,,,,,
499,Kilgore College,Kilgore,75662-329,,,5338893.0,4924718.40625,1915180.40625,,26195143.40625,29578984.0,4115.0,14.0,31.0,695.0,126.0,3140.0,,0.0,109.0,1.0,198.0,292.0,356.0,5151249.0
500,K D Studio,Dallas,75207,,,911694.0,890994.0,470123.0,,1318411.0,1759982.0,134.0,0.0,5.0,52.0,15.0,62.0,,0.0,0.0,11.0,19.0,12.0,35.0,
501,KD College Conservatory of Film and Dramatic Arts,Dallas,75207,,,2902920.0,2902920.0,2215605.0,,3593235.0,3306802.0,185.0,1.0,3.0,82.0,31.0,66.0,0.0,2.0,0.0,4.0,37.0,12.0,55.0,123016.0
502,Jarvis Christian College,Hawkins,75765-147,,,2573846.0,1314476.0,56480.0,2219873.0,6466338.0,11843236.0,519.0,0.0,0.0,488.0,0.0,7.0,,0.0,18.0,24.0,67.0,114.0,142.0,1036000.0
503,Austin Business College,Austin,78741,,,317547.0,317547.0,-8639.0,,1158828.0,1158828.0,399.0,0.0,7.0,106.0,172.0,107.0,,0.0,7.0,10.0,13.0,24.0,25.0,106287.0
504,ITT Technical Institute-Houston West,Houston,77063-3751,,,7219017.0,7219017.0,6221500.0,,7219017.0,7219017.0,405.0,0.0,17.0,104.0,165.0,117.0,,2.0,0.0,6.0,22.0,44.0,51.0,638032.0
505,ITT Technical Institute-Arlington,Arlington,76011,,,10783510.0,10783510.0,9543291.0,,10783510.0,10783510.0,666.0,4.0,21.0,148.0,189.0,291.0,,13.0,0.0,8.0,30.0,49.0,68.0,578632.0
506,INTERNATIONAL TRAVEL INSTITUTE,HOUSTON,77057,,,,,,,,,,,,,,,,,,,,,,
507,INTERNATIONAL BIBLE COLLEGE,SAN ANTONIO,78228,,,,,,,,,,,,,,,,,,,,,,
508,University of the Incarnate Word,San Antonio,78209,,,32338488.0,31050628.0,27452737.0,3027706.0,39884339.0,41337324.0,3637.0,8.0,51.0,228.0,1815.0,1194.0,,200.0,141.0,33.0,124.0,459.0,459.0,5198590.0
509,IMAGE MAKER SCHOOL OF HAIR DESIGN,FT WORTH,76112,,,,,,,,,,,,,,,,,,,,,,
510,Huston-Tillotson University,Austin,78702-279,,,3299054.0,1990192.0,810488.0,4722287.0,6329349.0,12075453.0,547.0,0.0,23.0,409.0,40.0,34.0,,5.0,36.0,12.0,59.0,133.0,173.0,1181979.0
511,JOE G DAVIS SCHOOL OF VOCATIONAL NURSING,HUNTSVILLE,77340,,,,,,,,,,,,,,,,,,,,,,
512,Howard Payne University,Brownwood,76801-279,,,10121244.0,8769879.0,6141910.0,1802915.0,13232237.0,20405712.0,1496.0,9.0,45.0,104.0,135.0,1154.0,,40.0,9.0,7.0,133.0,203.0,255.0,3156533.0
513,University of Houston,Houston,77204-201,,,119319592.0,104885728.0,78207956.0,24142634.0,336650235.0,397836544.0,32651.0,166.0,5543.0,4259.0,5227.0,14279.0,,876.0,2301.0,66.0,1111.0,3420.0,3739.0,51522231.0
514,University of Houston-Victoria,Victoria,77901,,,3271874.0,2950391.0,2358911.0,295297.0,13698922.0,15129028.0,1526.0,1.0,54.0,160.0,215.0,1066.0,,0.0,30.0,5.0,84.0,126.0,193.0,1900229.0
515,HOUSTON SCHOOL OF FLORAL DESIGN,HOUSTON,77063,,,,,,,,,,,,,,,,,,,,,,
516,HOUSTON MONTESSORI CENTER,HOUSTON,77024-1330,,,,,,,,,,,,,,,,,,,,,,
517,University of Houston-Downtown,Houston,77002-101,,,18556572.0,17452100.0,10060921.0,1783763.0,46214734.0,54561100.0,8712.0,18.0,1009.0,2526.0,2818.0,2118.0,,10.0,213.0,40.0,444.0,477.0,746.0,8527446.0
518,Houston Community College System,Houston,77266-751,,,47417584.0,43791200.0,26997926.0,,173180979.0,191539824.0,37882.0,114.0,5491.0,9074.0,9583.0,13064.0,,0.0,556.0,164.0,2996.0,1597.0,4706.0,27616696.0
519,Houston Community College,Houston,77266-7517,,,106517131.0,94790188.0,15735432.0,1555967.0,338891841.0,386210627.0,54942.0,136.0,5331.0,14652.0,15836.0,10157.0,,3054.0,5776.0,132.0,3193.0,2033.0,5701.0,48566273.0
520,University of Houston-Clear Lake,Houston,77058-109,,,19235128.0,19105242.0,16673809.0,497767.0,58644076.0,60490444.0,7114.0,26.0,488.0,594.0,800.0,4702.0,,0.0,504.0,13.0,171.0,564.0,583.0,9534640.0
521,Houston Baptist University,Houston,77074-329,,,20915136.0,17413184.0,13881222.0,4256781.0,19749806.0,28365690.0,2362.0,0.0,327.0,405.0,274.0,1262.0,,0.0,94.0,33.0,136.0,282.0,296.0,5436708.0
522,Hill College,Hillsboro,76645,,,1920711.0,1304546.0,-71944.0,138441.0,11593347.0,13460518.0,2448.0,21.0,17.0,101.0,195.0,2048.0,,1.0,65.0,11.0,147.0,151.0,251.0,2114669.0
523,HENDRICK MEDICAL CENTER SCHOOL OF RADIOGRAPHY,ABILENE,79601-2316,,,,,,,30915.0,30915.0,19.0,0.0,0.0,0.0,0.0,15.0,,0.0,0.0,,,,,
524,Trinity Valley Community College,Athens,75751,,,2727049.0,2344185.0,165612.0,156518.0,20913183.0,23475684.0,3620.0,22.0,23.0,411.0,142.0,2993.0,,0.0,29.0,13.0,211.0,271.0,365.0,4789948.0
525,Hardin-Simmons University,Abilene,79698,,,16389108.0,13300823.0,11007730.0,12289787.0,19449015.0,36139544.0,2291.0,15.0,16.0,71.0,147.0,1836.0,,202.0,4.0,28.0,183.0,283.0,355.0,4902371.0
526,Hallmark Institute of Technology,San Antonio,78230-173,,,5412654.0,5412654.0,4514872.0,,5734265.0,5734265.0,,,,,,,,,,,,,,
527,Hallmark College of Technology/Hallmark College of Aeronautics,San Antonio,78230-1736,,,8963552.0,8963552.0,6998262.0,,8994026.0,9006656.0,771.0,3.0,12.0,95.0,474.0,185.0,,2.0,0.0,8.0,43.0,64.0,86.0,618289.0
528,GREGG SCHOOL OF AUCTIONEERING,LOCKNEY,79241,,,,,,,,,,,,,,,,,,,,,,
529,Grayson County College,Denison,75020-829,,,2927181.0,2218081.0,234068.0,295829.0,16540045.0,19694050.0,3338.0,63.0,17.0,202.0,97.0,2937.0,,0.0,22.0,22.0,171.0,184.0,308.0,3612385.0
530,GRAHAMS BARBER COLLEGE INC,DALLAS,75215,,,,,,,,,,,,,,,,,,,,,,
531,Galveston College,Galveston,77550-749,,,2110823.0,1938841.0,577888.0,246608.0,13219772.0625,14539381.0,2223.0,12.0,48.0,431.0,488.0,1216.0,,0.0,28.0,27.0,159.0,148.0,288.0,1750848.0
532,Franklin Beauty School,Houston,77021-290,,,522742.0,522742.0,289931.0,,540715.0,313149.0,116.0,0.0,0.0,113.0,0.0,0.0,,0.0,0.0,,,,,
533,Frank Phillips College,Borger,79008-511,,,1243244.0,1048389.0,266076.0,166428.0,6279373.0,7263760.0,1222.0,14.0,3.0,37.0,128.0,1034.0,,0.0,6.0,77.0,28.0,85.0,150.0,1022226.0
534,Fort Worth Beauty School,Fort Worth,76116,,,353822.0,353822.0,-25823.0,,404665.0,405950.0,130.0,0.0,44.0,0.0,32.0,5.0,,0.0,0.0,,,,,
535,FLETCHER AVIATION GROUP,HOUSTON,77061,,,,,,,,,,,,,,,,,,,,,,
536,Art Institute of Dallas,Dallas,75231-599,,,17526475.0,16833733.0,15455169.0,,19208965.0,18807015.0,1532.0,10.0,48.0,97.0,119.0,566.0,,691.0,1.0,15.0,94.0,128.0,176.0,1358429.0
537,The Art Institute of Dallas,Dallas,75231-5993,,,22376142.0,21352572.0,19699943.0,,24070336.0,26118846.0,1312.0,5.0,39.0,71.0,121.0,354.0,,722.0,0.0,23.0,72.0,153.0,182.0,2142195.0
538,South University-The Art Institute of Dallas,Dallas,75231-5993,,,43654170.0,42527941.0,32018403.0,,50619834.0,45923659.0,2241.0,20.0,55.0,238.0,245.0,766.0,6.0,901.0,10.0,,,,,3382006.0
539,Exposito School of Hair Design Ltd,Amarillo,79109-320,,,44657.0,44657.0,-72096.0,,331183.0,331183.0,53.0,0.0,0.0,0.0,0.0,43.0,,0.0,0.0,,,,,
540,Exposito School of Hair Design,Amarillo,79109-3208,,,397360.0,397360.0,164689.0,,566935.0,566935.0,81.0,0.0,0.0,5.0,21.0,52.0,1.0,1.0,1.0,1.0,4.0,5.0,6.0,
541,ESS COLLEGE OF BUSINESS,DALLAS,75206,,,5068893.0,5068893.0,3985148.0,,5809573.0,4930369.0,427.0,0.0,0.0,178.0,129.0,105.0,,0.0,0.0,14.0,30.0,45.0,59.0,
542,ESPANOLAS BEAUTY COLLEGE INC,HOUSTON,77020,,,,,,,,,,,,,,,,,,,,,,
543,Episcopal Theological Seminary of the Southwest,Austin,78705,,,398619.0,-189446.0,-189446.0,2119576.0,1727550.0,6630988.0,114.0,0.0,0.0,6.0,3.0,103.0,,0.0,2.0,9.0,11.0,37.0,41.0,344020.0
544,Western Technical College,El Paso,79901,,,1112016.0,933951.0,124153.0,,2662376.0,2975138.0,317.0,0.0,0.0,5.0,277.0,30.0,,5.0,0.0,2.0,15.0,41.0,41.0,369909.0
545,El Paso Community College,El Paso,79915-190,,,23668908.0,22941100.0,-1411724.0,,95905973.0,117255728.0,18680.0,108.0,118.0,490.0,15553.0,1945.0,,0.0,466.0,57.0,1189.0,1165.0,2749.0,15403564.0
546,El Centro College,Dallas,75202-360,,,4197435.0,4055481.0,1720128.0,642378.0,22849921.0,25541478.0,4187.0,29.0,127.0,1657.0,857.0,1396.0,,9.0,112.0,33.0,490.0,253.0,848.0,5176415.0
547,Eastfield College,Mesquite,75150-209,,,5060223.0,4944506.0,2153264.0,22624.0,25323874.0,27588274.0,7533.0,39.0,427.0,1569.0,1266.0,4130.0,,55.0,47.0,30.0,545.0,285.0,1036.0,5031016.0
548,Texas A & M University-Commerce,Commerce,75429-301,,,18992172.0,15871055.0,11285706.0,1165798.0,67237736.0,75291744.0,7908.0,101.0,99.0,1144.0,414.0,5894.0,,5.0,251.0,76.0,458.0,755.0,1009.0,11324836.0
549,Texas A & M University-Texarkana,Texarkana,75505,,,3102672.0,2978907.0,1217623.0,274387.0,12718211.0,13423158.0,1152.0,13.0,4.0,133.0,13.0,989.0,,0.0,0.0,13.0,32.0,104.0,108.0,1659322.0
550,Careers Unlimited,Tyler,75702,,,195382.0,195382.0,4761.0,,217481.0,217481.0,47.0,0.0,0.0,35.0,0.0,10.0,,0.0,0.0,,,,,
551,East Texas Baptist University,Marshall,75670-149,,,8802681.0,5424178.0,3168060.0,5942450.0,9260350.0,19657500.0,1301.0,10.0,3.0,75.0,43.0,1130.0,,0.0,40.0,9.0,96.0,187.0,246.0,2322939.0
552,DIANES SCHOOL OF MODELING,AMARILLO,79102,,,,,,,,,,,,,,,,,,,,,,
553,Del Mar College,Corpus Christi,78404-389,,,8009007.0,7556848.0,1528293.0,,55367587.0,60824524.0,9968.0,10.0,118.0,179.0,5244.0,4273.0,,0.0,144.0,30.0,662.0,637.0,1116.0,11277283.0
554,University of Dallas,Irving,75062-473,,,31680452.0,23845208.0,22937420.0,7352538.0,31797208.0,50276872.0,3211.0,18.0,178.0,198.0,286.0,2003.0,,121.0,407.0,6.0,304.0,278.0,621.0,5779076.0
555,Dallas Theological Seminary,Dallas,75204,,,6969810.0,5667352.0,5667352.0,11718347.0,8864748.0,22458380.0,1585.0,3.0,104.0,152.0,24.0,1058.0,,117.0,127.0,13.0,69.0,214.0,398.0,2593702.0
556,Dallas Institute of Funeral Service,Dallas,75227-431,,,967843.0,967843.0,649434.0,,1162285.0,1162285.0,,,,,,,,,,,,,,
557,Dallas County Community College District,Dallas,75202,,,1160314.0,1157741.0,1157741.0,,43661752.0,43664325.0,,,,,,,,,,,,,,
558,Dallas Christian College,Dallas,75234-729,,,1766324.0,1534137.0,1316794.0,820093.0,2464058.0,3063498.0,253.0,0.0,0.0,38.0,18.0,186.0,,0.0,8.0,7.0,31.0,31.0,79.0,214000.0
559,Dallas Baptist University,Dallas,75211-929,,,24443068.0,20918492.0,19817660.0,3500662.0,23537581.0,30240646.0,3921.0,117.0,76.0,786.0,250.0,2256.0,,219.0,217.0,20.0,87.0,272.0,301.0,3436876.0
560,CRISWELL COLLEGE,DALLAS,75246,,,,,,,,,,,,,,,,,,,,,,
561,Court Reporting Institute-Wheeler Institute of Texas,Dallas,75247,,,2451330.0,2451330.0,1837193.0,,2778966.0,3366218.0,463.0,0.0,8.0,123.0,93.0,239.0,,0.0,0.0,6.0,16.0,23.0,43.0,210475.0
562,COTHRON AVIATION INC,ARLINGTON,76018,,,,,,,,,,,,,,,,,,,,,,
563,Texas A & M University-Corpus Christi,Corpus Christi,78412-550,,,16719887.0,14783793.0,9637413.0,1885159.0,70108830.0,77470760.0,6604.0,39.0,135.0,202.0,2538.0,3611.0,,0.0,79.0,44.0,360.0,694.0,856.0,9896607.0
564,North Central Texas College,Gainesville,76240-469,,,3703719.0,3572438.0,1749980.0,100000.0,16773198.0,18616346.0,4257.0,51.0,80.0,209.0,255.0,3585.0,,0.0,77.0,20.0,250.0,180.0,369.0,2909939.0
565,PACE TRAVEL SCHOOL,AUSTIN,78768-4903,,,,,,,,,,,,,,,,,,,,,,
566,Conlee's College of Cosmetology,Kerrville,78028-445,,,61774.0,61123.0,25715.0,,133207.0,139069.0,33.0,0.0,0.0,0.0,0.0,0.0,,0.0,0.0,,,,,
567,Concordia University at Austin,Austin,78705-279,,,6659893.0,5368893.0,4323863.0,1925559.0,7807373.0,9920679.0,770.0,3.0,4.0,39.0,94.0,559.0,,52.0,19.0,7.0,77.0,93.0,140.0,1200405.0
568,Concordia University Texas,Austin,78705-2799,,,14543941.0,10731571.0,8669628.0,1460274.0,14912929.0,16071633.0,1211.0,3.0,17.0,103.0,189.0,755.0,,143.0,1.0,26.0,170.0,126.0,272.0,1441641.0
569,Concordia University-Texas,Austin,78726,,,33781557.0,26838221.0,21326042.0,2325626.0,31733410.0,34676578.0,2573.0,12.0,58.0,479.0,538.0,1298.0,0.0,187.0,1.0,,,,,3060800.0
570,CLERICAL ART SCHOOL,HOUSTON,77057,,,,,,,,,285.0,0.0,38.0,72.0,74.0,99.0,,0.0,0.0,,,,,
571,Clarendon College,Clarendon,79226,,,762347.0,697638.0,87573.0,66582.0,4381865.4921875,5174013.0,837.0,8.0,3.0,74.0,76.0,670.0,,0.0,6.0,10.0,61.0,63.0,105.0,909987.0
572,CITIZEN MEDICAL CENTER SCHOOL OF RADIOLOGICAL TECH,VICTORIA,77901,,,,,,,,,,,,,,,,,,,,,,
573,Cisco Junior College,Cisco,76437,,,2595997.0,2169237.0,463830.0,3500.0,9511137.0,11721474.0,2636.0,16.0,36.0,259.0,355.0,1935.0,,0.0,35.0,7.0,140.0,137.0,210.0,2176222.0
574,Cisco College,Cisco,76437,,,6976223.0,6134520.0,1040495.0,466211.0,17757122.0,17654467.0,3759.0,15.0,44.0,321.0,677.0,2617.0,,44.0,41.0,,,,,2929918.0
575,Institute of Cosmetology & Esthetics,Houston,77036-212,,,254006.0,254006.0,142487.0,,371262.0,482781.0,72.0,0.0,28.0,12.0,0.0,0.0,,0.0,2.0,,,,,
576,CHRIST FOR THE NATIONS INSTITUTE,DALLAS,75224,,,,,,,,,,,,,,,,,,,,,,
577,Charles and Sues School of Hair Design,Bryan,77802,,,378071.0,378071.0,297502.0,,534088.0,470043.0,31.0,0.0,0.0,8.0,6.0,0.0,,0.0,0.0,,,,,
578,Central Texas College,Killeen,76549-419,,,12327415.0,11920530.0,7353314.0,,64122519.0,68793200.0,14636.0,158.0,564.0,4313.0,1948.0,6982.0,,567.0,104.0,74.0,1454.0,695.0,2155.0,5790547.0
579,Cedar Valley College,Lancaster,75134-379,,,2221233.0,2177419.0,837759.0,13261.0,14861457.0,16021179.0,2977.0,14.0,42.0,1364.0,264.0,1241.0,,45.0,7.0,27.0,240.0,176.0,511.0,2282202.0
580,Capitol City Careers,Austin,78735,,,892712.0,892712.0,716432.0,,933868.0,909406.0,103.0,0.0,0.0,0.0,27.0,65.0,,0.0,0.0,,,,,
581,EURO HAIR SCHOOL,DALLAS,75217,,,363511.0,363511.0,20219.0,,556561.0,556561.0,96.0,0.0,2.0,18.0,65.0,11.0,,0.0,0.0,,,,,
582,Brookhaven College,Farmers Branch,75244-499,,,7010951.0,6872228.0,5154622.0,102000.0,27218484.0,28884944.0,7381.0,50.0,691.0,811.0,1320.0,4194.0,,51.0,264.0,27.0,725.0,290.0,1235.0,4664416.0
583,Brazosport College,Lake Jackson,77566-319,,,4457153.0,4235057.0,3445213.05273438,73177.0,15454255.0,16603686.0,3686.0,21.0,41.0,266.0,838.0,2503.0,,0.0,17.0,17.0,179.0,158.0,367.0,2741093.0
584,BRAZOSPORT BEAUTY COLLEGE,FREEPORT,77541,,,,,,,,,,,,,,,,,,,,,,
585,Bradford School of Business,Houston,77027,,,2279975.0,1909170.0,1538365.0,,2117345.0,2488150.0,196.0,0.0,5.0,33.0,127.0,0.0,,0.0,0.0,,,,,
586,Vet Tech Institute of Houston,Houston,77027,,,3577349.0,3561849.0,2746849.0,,3852179.0,3867679.0,134.0,0.0,1.0,13.0,47.0,73.0,0.0,0.0,0.0,4.0,11.0,18.0,21.0,352245.0
587,Remington College-Dallas Campus,Garland,75041,,,4044897.0,4044897.0,3068138.0,,4044897.0,4044897.0,407.0,0.0,15.0,155.0,96.0,141.0,,0.0,0.0,5.0,28.0,41.0,59.0,520415.0
588,Blinn College,Brenham,77833-409,,,14611070.0,13735658.0,10383115.0,410853.0,42481506.0,47054204.0,11352.0,34.0,131.0,852.0,1036.0,9087.0,,0.0,212.0,27.0,558.0,464.0,882.0,7998489.0
589,Coastal Bend College,Beeville,78102,,,3228787.0,2969434.0,-59527.0,101865.0,15262366.0,18753692.0,3080.0,15.0,16.0,183.0,1802.0,1044.0,,16.0,4.0,14.0,130.0,226.0,289.0,3468067.0
590,Baylor University,Waco,76798,,,145400000.0,119604000.0,106595000.0,55425000.0,173240000.0,285316992.0,13334.0,64.0,648.0,731.0,936.0,10225.0,,390.0,340.0,151.0,1337.0,1596.0,2352.0,38974123.0
591,Baylor College of Medicine,Houston,77030-349,,,11859132.0,6972665.0,6972665.0,182602752.0,515808069.0,962259456.0,1186.0,5.0,232.0,64.0,93.0,644.0,,6.0,142.0,597.0,2806.0,4985.0,7229.0,
592,Texas A & M University System Health Science Center,College Station,77840,,,5344077.0,5039659.0,3911767.0,5595564.0,76918475.0,84235008.0,507.0,3.0,104.0,16.0,41.0,315.0,,0.0,28.0,75.0,331.0,760.0,971.0,7138119.0
593,Texas A&M Health Science Center,College Station,77840,,,8703070.0,7715320.0,6911296.0,5695000.0,127304589.0,137042016.0,1169.0,4.0,199.0,68.0,135.0,662.0,,16.0,85.0,72.0,425.0,928.0,1171.0,12815216.0
594,BARBIZON SCHOOL OF MODELING,FT WORTH,76132,,,,,,,,,,,,,,,,,,,,,,
595,Baptist Missionary Association Theological Seminary,Jacksonville,75766-540,,,73144.0,73144.0,68303.0,30103.0,113425.0,685406.0,50.0,2.0,0.0,4.0,3.0,38.0,,0.0,3.0,4.0,7.0,13.0,16.0,
596,Baptist Health System School of Health Professions,San Antonio,78205-111,,,,,,,,,,,,,,,,,,2.0,32.0,31.0,36.0,
597,Baldwin Beauty School 5,Austin,78704-478,,,174648.0,174648.0,110657.0,,348926.0,348926.0,,,,,,,,,,,,,,
598,Baldwin Beauty School-South Austin,Austin,78704-4785,,,291715.0,291715.0,55499.0,,599903.0,836119.0,92.0,0.0,1.0,1.0,31.0,57.0,0.0,2.0,0.0,1.0,5.0,12.0,12.0,
599,Austin Presbyterian Theological Seminary,Austin,78705-579,,,1180716.0,1180716.0,1180716.0,1650606.0,1697720.0,9547865.0,296.0,0.0,0.0,26.0,4.0,249.0,,0.0,15.0,16.0,24.0,59.0,69.0,829314.0
600,Austin Community College,Austin,78752,,,32022102.0,31931018.0,23646205.0,309847.0,101242548.0,107793688.0,26135.0,188.0,1515.0,1664.0,5181.0,17236.0,,20.0,331.0,30.0,378.0,999.0,1110.0,16646796.0
601,Austin Community College District,Austin,78752,,,48514000.0,43540948.0,28219605.0,52159.0,154716680.0,169442432.0,31908.0,231.0,1596.0,2383.0,7456.0,19097.0,,493.0,652.0,36.0,1478.0,1300.0,2469.0,25149802.0
602,Austin College,Sherman,75090-440,,,18944764.0,12045705.0,11217146.0,5854132.0,18921373.0,43592264.0,1257.0,10.0,98.0,55.0,78.0,992.0,,0.0,24.0,37.0,106.0,276.0,314.0,4243671.0
603,Art Institute of Houston,Houston,77056-419,,,19683627.0,19683627.0,18307421.0,,21587936.0,21587936.0,1679.0,14.0,92.0,170.0,394.0,885.0,,120.0,4.0,32.0,115.0,136.0,221.0,1084753.0
604,The Art Institute of Houston,Houston,77056-4197,,,26440793.0,25530597.0,23033389.0,,27800561.0,30594857.0,1657.0,6.0,61.0,159.0,335.0,612.0,,484.0,0.0,32.0,72.0,153.0,179.0,1755142.0
605,Arlington Career Institute,Grand Prairie,75050,,,1454043.0,1454043.0,1247042.0,,1762680.0,1555679.0,283.0,0.0,0.0,55.0,61.0,163.0,,0.0,0.0,,,,,
606,Arlington Baptist College,Arlington,76012-342,,,645580.0,525604.0,387404.0,601140.0,1143206.29101563,1584345.0,227.0,0.0,1.0,10.0,6.0,210.0,,0.0,0.0,5.0,19.0,18.0,46.0,152630.0
607,Angelo State University,San Angelo,76909,,,15080648.0,10308512.0,6060167.0,502989.0,53581155.0,66462484.0,6220.0,20.0,67.0,316.0,1176.0,4572.0,,0.0,69.0,38.0,276.0,502.0,580.0,8968064.0
608,Angelina College,Lufkin,75904,,,3037482.0,2349601.0,-919056.0,218897.0,17347950.0,21619800.0,4187.0,41.0,25.0,598.0,325.0,3191.0,,0.0,0.0,12.0,278.0,199.0,433.0,4206836.0
609,ANDERSON COUNTY BEAUTY COLLEGE,PALESTINE,75801,,,531718.0,531718.0,-34736.0,,1242811.0,1406917.0,6.0,0.0,0.0,0.0,0.0,0.0,,0.0,0.0,,,,,
610,ATI Technical Training Center,Dallas,75235,,,10348771.0,10348771.0,7861873.0,,10348771.0,10348771.0,181.0,1.0,6.0,75.0,50.0,49.0,,0.0,0.0,,,,,
611,UNIVERSITY OF CENTRAL TEXAS,KILLEEN,765401416,,,,,,,,,,,,,,,,,,,,,,
612,AMERICAN INSPECTORS INSTITUTE,DALLAS,75244,,,,,,,,,,,,,,,,,,,,,,
613,American Commercial College of Texas,Odessa,79762,,,2320868.0,2320868.0,800727.0,,4838172.0,4134017.0,89.0,0.0,0.0,0.0,45.0,35.0,,0.0,0.0,,,,,
614,American Commercial College-Odessa,Odessa,79762,,,866081.0,866081.0,476258.0,,866081.0,1261817.0,92.0,0.0,0.0,3.0,54.0,35.0,,0.0,0.0,,,,,
615,American Commercial College-Abilene,Abilene,79602,,,1272760.0,1272760.0,-146144.0,,1272760.0,2698098.0,157.0,0.0,0.0,29.0,67.0,61.0,0.0,0.0,0.0,,,,,
616,American Commercial College-Lubbock,Lubbock,79411,,,1161137.0,1161137.0,-237357.0,,1161137.0,2565749.0,181.0,0.0,1.0,34.0,44.0,86.0,16.0,0.0,0.0,,,,,
617,American Commercial College-San Angelo,San Angelo,76904,,,993529.0,993529.0,44673.0,,993529.0,1947028.0,229.0,0.0,1.0,17.0,103.0,96.0,12.0,0.0,0.0,,,,,
618,AMERICAN BEAUTY COLLEGE,SAN ANTONIO,78218,,,189700.0,189700.0,97978.0,,186686.0,186686.0,37.0,0.0,0.0,0.0,0.0,0.0,,0.0,0.0,,,,,
619,Amberton University,Garland,75041-559,,,4445953.0,4438303.0,4438303.0,55.0,4763846.0,4943076.0,1648.0,17.0,20.0,510.0,98.0,955.0,,48.0,0.0,11.0,55.0,36.0,84.0,594095.0
620,Alvin Community College,Alvin,77511-489,,,3832142.0,3685826.0,2276579.0,,21269810.0,22421672.0,3782.0,15.0,46.0,356.0,600.0,2682.0,,68.0,15.0,10.0,241.0,216.0,406.0,3611811.0
621,ALLEGRO TRAVEL SCHOOL,HOUSTON,77027,,,,,,,,,,,,,,,,,,,,,,
622,AUSTIN INSTITUTE OF REAL ESTATE,AUSTIN,78752,,,,,,,,,,,,,,,,,,,,,,
623,ACADEMY OF BARBERING,DALLAS,75216,,,,,,,,,,,,,,,,,,,,,,
624,Abilene Christian University,Abilene,79699,,,42107788.0,31525514.0,25626198.0,21756474.0,51816190.0,89988384.0,4650.0,21.0,31.0,220.0,230.0,3794.0,,136.0,218.0,12.0,226.0,615.0,651.0,9294679.0
625,VOGUE COLLEGE OF COSMETOLOGY 29,DEL RIO,78840,,,,,,,,,,,,,,,,,,,,,,
626,San Jacinto College-Central Campus,Pasadena,77501-200,,,16534042.0,15281647.0,9909000.0,,91843792.0,97733584.0,20133.0,107.0,1020.0,2008.0,4590.0,11823.0,,0.0,585.0,49.0,861.0,929.0,1910.0,18197281.0
627,San Jacinto Community College,Pasadena,77501-2007,,,34333480.0,32538476.0,8047441.0,,147092281.0,155867376.0,24322.0,68.0,1066.0,2505.0,7670.0,11160.0,,804.0,1049.0,71.0,1063.0,1038.0,2172.0,18844025.0
628,The University of Texas at Austin,Austin,78712,,,524056512.0,421861056.0,302967538.0,230914928.0,4152445008.0,4798180864.0,153214.0,685.0,11871.0,7021.0,49075.0,73978.0,,854.0,9730.0,2259.0,18943.0,37071.0,54799.0,349858491.0
629,Lamar University,Beaumont,77705,,,30459732.0,25813584.0,14786321.0,3425779.0,102270049.0,118824192.0,14461.0,70.0,433.0,3089.0,634.0,9944.0,,0.0,287.0,34.0,808.0,1336.0,1676.0,18646984.0
630,San Antonio College,San Antonio,78212-429,,,34110548.0,29753464.0,3781094.0,656302.0,147708629.0,177276656.0,33001.0,124.0,685.0,2572.0,17453.0,11945.0,,16.0,206.0,34.0,1029.0,1320.0,1687.0,27584857.0
631,North Harris Montgomery Community College District,The Woodlands,77381-439,,,21086108.0,19613200.0,11959025.0,,96947639.0,105342248.0,22113.0,101.0,1077.0,2251.0,2994.0,15008.0,,350.0,332.0,129.0,2117.0,945.0,4184.0,13470958.0
632,Lone Star College System,The Woodlands,77381-4399,,,54719118.0,54051821.0,28232611.0,,270986117.0,285935977.0,41345.0,171.0,2662.0,4681.0,9878.0,20219.0,,3109.0,625.0,,,,,41468123.0
633,Howard College,Big Spring,79720,,,2444498.0,1723630.0,-402780.0,335356.0,19187033.0,21813882.0,2252.0,5.0,19.0,128.0,602.0,1484.0,,1.0,10.0,21.0,151.0,242.0,366.0,3700042.0
634,Amarillo College,Amarillo,79109,,,6497607.0,6279955.0,2456786.0,1079408.0,42380942.0,47298416.0,8183.0,57.0,347.0,306.0,1470.0,5851.0,,132.0,20.0,54.0,215.0,624.0,624.0,8709439.0
635,ALADDIN BEAUTY COLLEGE,FT WORTH,76116,,,,,,,,,449.0,0.0,0.0,0.0,0.0,0.0,,386.0,0.0,,,,,
636,Capitol City Trade and Technical School,Austin,78704,,,2263981.0,2263981.0,1722298.0,,2439530.0,2381891.0,283.0,0.0,0.0,54.0,99.0,124.0,,0.0,0.0,,,,,
637,CENTRAL TEXAS COMMERCIAL COLLEGE,BROWNWOOD,76801-0000,,,1020663.0,1005663.0,802509.0,,1006663.0,1021663.0,137.0,0.0,0.0,0.0,72.0,0.0,,0.0,0.0,,,,,
638,Cosmetology Career Center LLC,Carrollton,75006,,,261254.0,261254.0,164917.0,,402730.0,402730.0,48.0,0.0,0.0,4.0,0.0,27.0,,0.0,0.0,,,,,
639,Career Point Institute,San Antonio,78201,,,5425841.0,5425841.0,3035072.0,,5986809.0,6119208.0,377.0,7.0,0.0,45.0,193.0,132.0,,0.0,0.0,,,,,
640,Career Point College,San Antonio,78201,,,17374384.0,17356409.0,10214821.0,,21553747.0,21571722.0,1012.0,17.0,2.0,256.0,324.0,391.0,,21.0,1.0,,,,,1001619.0
641,Jones Beauty College,Dallas,75229-373,,,177917.0,176717.0,135047.0,6350.0,183824.0,143635.0,112.0,0.0,65.0,0.0,46.0,0.0,,0.0,0.0,,,,,
642,Tint School of Makeup and Cosmetology-Dallas,Dallas,75229-3734,,,997486.0,997486.0,700348.0,,1043119.0,745981.0,195.0,5.0,1.0,24.0,140.0,14.0,0.0,11.0,0.0,1.0,11.0,7.0,15.0,
643,INTERNATIONAL AVIATION AND TRAVEL ACADEMY,ARLINGTON,76018-1110,,,4140257.0,4140257.0,3548458.0,,4555942.0,5157818.0,560.0,4.0,35.0,93.0,101.0,288.0,,34.0,5.0,,,,,
644,International Business College,El Paso,79907,,,4617866.0,4612466.0,3095511.0,,4675331.0,3163776.0,434.0,0.0,0.0,1.0,386.0,37.0,,7.0,3.0,,,,,
645,Franklin College,El Paso,79907,,,4827037.0,4827037.0,2929514.0,,4868790.0,4869980.0,695.0,2.0,2.0,12.0,627.0,25.0,0.0,27.0,0.0,22.0,39.0,54.0,76.0,462518.0
646,Jacksonville College-Main Campus,Jacksonville,75766-475,,,727742.0,374459.0,264624.0,971047.0,932119.0,2271914.0,267.0,0.0,1.0,35.0,12.0,210.0,,0.0,9.0,4.0,26.0,38.0,54.0,235709.0
647,MTI College of Business and Technology,Houston,77036-310,,,2619680.0,2619680.0,0.0,,6186639.46875,8486059.0,705.0,2.0,44.0,187.0,262.0,201.0,,7.0,0.0,21.0,54.0,99.0,127.0,616135.0
648,Ogle School of Hair Skin and Nails,Arlington,76013,,,2706195.0,2706195.0,2174896.0,,3125165.0,2257937.0,206.0,0.0,17.0,9.0,24.0,155.0,,1.0,0.0,,,,,
649,Ogle School of Hair Design,Arlington,76013,,,3384291.0,3384291.0,2711143.0,,6654383.0,6774552.0,484.0,10.0,17.0,49.0,53.0,347.0,,8.0,0.0,,,,,
650,Ogle School Hair Skin Nails,Arlington,76013-7400,,,5342178.0,5334278.0,3788754.0,,6012776.0,6020676.0,510.0,1.0,11.0,88.0,109.0,260.0,18.0,23.0,0.0,26.0,41.0,98.0,116.0,
651,Ogle School Hair Skin Nails-Arlington,Arlington,76013-7400,,,5586000.0,5586000.0,3666944.0,,6558000.0,6558000.0,462.0,2.0,15.0,107.0,103.0,220.0,9.0,6.0,0.0,,,,,
652,Olges School of Hair Design,Forth Worth,76133,,,4016378.0,4016378.0,2094459.0,,4998511.0,3371581.0,157.0,0.0,6.0,26.0,41.0,81.0,,0.0,0.0,,,,,
653,Ogle School of Hair Skin & Nails,Forth Worth,76133,,,3103542.0,3103542.0,2475004.0,,6051468.0,6051468.0,363.0,16.0,5.0,28.0,58.0,188.0,,67.0,1.0,,,,,
654,Ogle School Hair Skin Nails-Ft Worth,Forth Worth,76132-3638,,,6794000.0,6794000.0,4255808.0,,7743000.0,7743000.0,816.0,4.0,13.0,232.0,184.0,327.0,31.0,25.0,0.0,,,,,
655,Southwest School of Business and Technical Careers-San Antonio,San Antonio,78221-013,,,1505578.0,1505578.0,828655.0,,2159506.0,2159506.0,145.0,0.0,0.0,5.0,127.0,12.0,,0.0,0.0,,,,,
656,Texas Barber College and Hairstyling School 4,Houston,77063,,,1466424.0,1466424.0,1761.0,,1703985.0,1703985.0,259.0,0.0,1.0,209.0,34.0,14.0,,1.0,0.0,,,,,
657,Texas Barber Colleges and Hairstyling Schools,Houston,77063,,,2647686.0,2647686.0,504251.0,,3039307.0,5182742.0,438.0,0.0,1.0,361.0,56.0,11.0,,9.0,0.0,,,,,
658,Texas School of Business Inc,Houston,77073,,,8913984.0,8913984.0,6159228.0,,8921704.0,8130678.0,815.0,0.0,10.0,330.0,279.0,195.0,,0.0,0.0,,,,,
659,Texas School of Business-North,Houston,77073,,,28103600.0,27664279.0,19030134.0,,27664279.0,27117193.0,1654.0,1.0,15.0,324.0,376.0,312.0,7.0,619.0,0.0,,,,,344297.0
660,University of Cosmetology Arts and Sciences,McAllen,78504,,,233158.0,233158.0,-1146581.0,,674462.0,2054201.0,315.0,0.0,0.0,0.0,168.0,141.0,,0.0,0.0,,,,,
661,University of Cosmetology Arts & Sciences-McAllen,McAllen,78504,,,5679587.0,5679587.0,2940472.0,,6002907.0,6020953.0,640.0,0.0,1.0,1.0,626.0,8.0,0.0,1.0,3.0,10.0,26.0,46.0,58.0,
662,Central Texas Beauty College,Round Rock,78664-460,,,562817.0,562817.0,98948.0,,1036421.0,953191.0,178.0,0.0,0.0,47.0,28.0,80.0,,0.0,17.0,,,,,
663,Central Texas Beauty College-Round Rock,Round Rock,78664-4604,,,1150674.0,1150674.0,57759.0,,1424786.0,1368027.0,160.0,0.0,35.0,37.0,37.0,44.0,0.0,6.0,1.0,,,,,
664,Collin County Community College District,Plano,75093,,,9980622.0,9605408.0,8182529.0625,38329.0,64535250.25,66010104.0,12075.0,90.0,390.0,579.0,701.0,9006.0,,0.0,1309.0,57.0,856.0,618.0,1626.0,7371554.0
665,San Antonio College of Medical and Dental Assistants-Main,San Antonio,78216-189,,,7124635.0,7099022.0,476575.0,,3427765.0,7129376.0,1007.0,0.0,2.0,34.0,831.0,126.0,,12.0,0.0,,,,,
666,Kaplan Career Institute-San Antonio Campus,San Antonio,78216-1899,,,12220467.0,12219967.0,3686619.0,500.0,25162011.0,24701483.0,2269.0,0.0,7.0,76.0,1731.0,127.0,,328.0,0.0,,,,,
667,Kaplan College-San Antonio-San Pedro,San Antonio,78216-1899,,,34623193.0,34616018.0,22004902.0,,34616018.0,33565491.0,2250.0,3.0,9.0,136.0,1280.0,281.0,1.0,540.0,0.0,,,,,1263271.0
668,Aims Academy,Carrollton,75006,,,64557.0,64557.0,-336094.0,,965453.0,965453.0,46.0,1.0,0.0,8.0,3.0,34.0,,0.0,0.0,,,,,
669,SW School of Business and Technical Careers,Eagle Pass,78852-485,,,1143718.0,1143718.0,870220.0,,761005.0,487508.0,70.0,1.0,0.0,1.0,66.0,2.0,,0.0,0.0,,,,,
670,Houston Training School,Houston,77020,,,172600.0,172600.0,-947043.0,,330996.0,1450639.0,407.0,0.0,31.0,77.0,296.0,0.0,,0.0,0.0,,,,,
671,Houston Training School-Jacinto City,Houston,77026,,,4285259.0,4285259.0,712895.0,,4436308.0,4436308.0,463.0,0.0,3.0,141.0,315.0,4.0,0.0,0.0,0.0,,,,,
672,Milan Institute of Cosmetology-Amarillo,Amarillo,79103,,,10454320.0,10406820.0,6135947.0,,11935241.0,11982741.0,951.0,3.0,15.0,154.0,449.0,273.0,8.0,47.0,2.0,,,,,
673,Tri-State Cosmetology Institute 1,El Paso,79915-100,,,87017.0,39184.0,-667222.0,,309881.0,911281.0,138.0,0.0,0.0,0.0,121.0,0.0,,0.0,0.0,,,,,
674,Texas Careers,San Antonio,78213-375,,,3171581.0,3171581.0,1655126.0,,4688036.0,4688036.0,,,,,,,,,,,,,,
675,Texas College of Cosmetology,Abilene,79605,,,490957.0,490957.0,165989.0,,779295.0,779295.0,81.0,0.0,2.0,5.0,26.0,48.0,,0.0,0.0,,,,,
676,Texas College of Cosmetology-Abilene,Abilene,79605,,,998812.0,998812.0,208197.0,,1311407.0,1311650.0,162.0,0.0,0.0,12.0,62.0,88.0,0.0,0.0,0.0,,,,,
677,DeVry University-Texas,Irving,75063-243,,,27503159.0,27503159.0,24515601.0,,30925514.0,30965980.0,3033.0,18.0,213.0,781.0,429.0,1374.0,,180.0,38.0,35.0,288.0,165.0,389.0,2889573.0
