,player_id,pick,year,t_name,c_name,state
0,1140,1,2020,Louisiana State University - Baton Rouge,SEC,LA
1,359,1,2017,Texas A&M University,SEC,TX
3,100,1,2016,"University of California, Berkeley",PAC-12,CA
4,618,1,2018,University of Oklahoma,Big 12,OK
6,880,1,2019,University of Oklahoma,Big 12,OK
12,1141,2,2020,Ohio State University,Big Ten,OH
13,881,2,2019,Ohio State University,Big Ten,OH
14,619,2,2018,Pennsylvania State University,Big Ten,PA
26,360,2,2017,University of North Carolina at Greensboro,SoCon,NC
27,101,2,2016,University of North Dakota,MVFC,ND
28,102,3,2016,Ohio State University,Big Ten,OH
29,1142,3,2020,Ohio State University,Big Ten,OH
30,361,3,2017,Stanford University,PAC-12,CA
31,882,3,2019,The University of Alabama,SEC,AL
32,620,3,2018,University of South Carolina,SEC,SC
33,883,4,2019,Clemson University,ACC,SC
34,362,4,2017,Louisiana State University - Baton Rouge,SEC,LA
35,621,4,2018,Ohio State University,Big Ten,OH
36,103,4,2016,Ohio State University,Big Ten,OH
37,1143,4,2020,University of Georgia,SEC,GA
38,104,5,2016,Florida State University,ACC,FL
39,884,5,2019,Louisiana State University - Baton Rouge,SEC,LA
40,622,5,2018,North Carolina State University - Raleigh,ACC,NC
41,1144,5,2020,The University of Alabama,SEC,AL
42,885,6,2019,Duke University,ACC,NC
43,364,6,2017,Louisiana State University - Baton Rouge,SEC,LA
44,623,6,2018,University of Notre Dame,ACC,IN
45,105,6,2016,University of Notre Dame,ACC,IN
46,1145,6,2020,University of Oregon,PAC-12,OR
47,1146,7,2020,Auburn University,SEC,AL
48,365,7,2017,Clemson University,ACC,SC
49,886,7,2019,University of Kentucky,SEC,KY
50,106,7,2016,University of Oregon,PAC-12,OR
51,624,7,2018,University of Wyoming,MW,WY
52,1147,8,2020,Clemson University,ACC,SC
53,107,8,2016,Michigan State University,Big Ten,MI
54,366,8,2017,Stanford University,PAC-12,CA
55,625,8,2018,University of Georgia,SEC,GA
56,887,8,2019,University of Iowa,Big Ten,IA
57,1148,9,2020,Florida State University,ACC,FL
58,108,9,2016,University of Georgia,SEC,GA
59,888,9,2019,University of Houston,AAC,TX
60,626,9,2018,University of Notre Dame,ACC,IN
61,367,9,2017,University of Washington,PAC-12,WA
66,109,10,2016,Ohio State University,Big Ten,OH
67,368,10,2017,Texas Tech University,Big 12,TX
68,1149,10,2020,The University of Alabama,SEC,AL
69,627,10,2018,"University of California, Los Angeles",PAC-12,CA
72,889,10,2019,University of Michigan-Ann Arbor,Big Ten,MI
73,110,11,2016,Florida State University,ACC,FL
74,369,11,2017,Ohio State University,Big Ten,OH
75,628,11,2018,The University of Alabama,SEC,AL
76,890,11,2019,The University of Alabama,SEC,AL
77,1150,11,2020,University of Louisville,ACC,KY
78,370,12,2017,Clemson University,ACC,SC
79,1151,12,2020,The University of Alabama,SEC,AL
80,111,12,2016,University of Louisville,ACC,KY
81,891,12,2019,University of Michigan-Ann Arbor,Big Ten,MI
82,629,12,2018,University of Washington,PAC-12,WA
87,892,13,2019,Clemson University,ACC,SC
88,371,13,2017,Temple University,AAC,PA
89,630,13,2018,The University of Alabama,SEC,AL
90,1152,13,2020,University of Iowa,Big Ten,IA
91,112,13,2016,University of Mississippi,SEC,MS
92,893,14,2019,Boston College,ACC,MA
93,631,14,2018,The University of Texas at San Antonio,C-USA,TX
96,1153,14,2020,University of South Carolina,SEC,SC
97,372,14,2017,University of Tennessee,SEC,TN
101,113,14,2016,West Virginia University,Big 12,WV
102,114,15,2016,Baylor University,Big 12,TX
103,894,15,2019,Ohio State University,Big Ten,OH
104,373,15,2017,Ohio State University,Big Ten,OH
105,1154,15,2020,The University of Alabama,SEC,AL
106,632,15,2018,"University of California, Los Angeles",PAC-12,CA
109,1155,16,2020,Clemson University,ACC,SC
110,895,16,2019,Florida State University,ACC,FL
111,115,16,2016,Ohio State University,Big Ten,OH
112,374,16,2017,The University of Alabama,SEC,AL
113,633,16,2018,Virginia Polytechnic Institute and State University,ACC,VA
114,896,17,2019,Clemson University,ACC,SC
115,634,17,2018,Florida State University,ACC,FL
116,116,17,2016,Florida State University,ACC,FL
117,375,17,2017,The University of Alabama,SEC,AL
118,1156,17,2020,University of Oklahoma,Big 12,OK
122,897,18,2019,North Carolina State University - Raleigh,ACC,NC
123,117,18,2016,The University of Alabama,SEC,AL
124,635,18,2018,University of Louisville,ACC,KY
125,1157,18,2020,University of South Carolina,SEC,SC
126,376,18,2017,University of South Carolina,SEC,SC
127,636,19,2018,Boise State University,MW,ID
128,118,19,2016,Clemson University,ACC,SC
129,898,19,2019,Mississippi State University,SEC,MS
130,1158,19,2020,Ohio State University,Big Ten,OH
131,377,19,2017,The University of Alabama,SEC,AL
132,1159,20,2020,Louisiana State University - Baton Rouge,SEC,LA
133,119,20,2016,Ohio State University,Big Ten,OH
134,637,20,2018,University of Arkansas,SEC,AR
135,899,20,2019,University of Iowa,Big Ten,IA
136,378,20,2017,University of Utah,PAC-12,UT
137,379,21,2017,Florida State University,ACC,FL
138,638,21,2018,Ohio State University,Big Ten,OH
139,1160,21,2020,Texas Christian University,Big 12,TX
140,900,21,2019,"University of Maryland, College Park",Big Ten,MD
144,120,21,2016,University of Notre Dame,ACC,IN
145,1161,22,2020,Louisiana State University - Baton Rouge,SEC,LA
146,121,22,2016,Texas Christian University,Big 12,TX
147,639,22,2018,The University of Alabama,SEC,AL
148,380,22,2017,University of Missouri,SEC,MS
149,901,22,2019,Washington State University,PAC-12,WA
150,902,23,2019,Alabama State University,SWAC,AL
151,640,23,2018,University of Georgia,SEC,GA
152,122,23,2016,University of Mississippi,SEC,MS
153,381,23,2017,University of Mississippi,SEC,MS
154,1162,23,2020,University of Oklahoma,Big 12,OK
158,382,24,2017,Ohio State University,Big Ten,OH
159,903,24,2019,The University of Alabama,SEC,AL
160,123,24,2016,University of Houston,AAC,TX
161,641,24,2018,"University of Maryland, College Park",Big Ten,MD
165,1163,24,2020,University of Michigan-Ann Arbor,Big Ten,MI
166,1164,25,2020,Arizona State University,PAC-12,AZ
167,124,25,2016,University of Miami,ACC,FL
168,383,25,2017,University of Michigan-Ann Arbor,Big Ten,MI
169,904,25,2019,University of Oklahoma,Big 12,OK
173,642,25,2018,University of South Carolina,SEC,SC
174,905,26,2019,Mississippi State University,SEC,MS
175,643,26,2018,The University of Alabama,SEC,AL
176,384,26,2017,"University of California, Los Angeles",PAC-12,CA
179,125,26,2016,University of Memphis,AAC,TN
180,1165,26,2020,Utah State University,MW,UT
181,385,27,2017,Louisiana State University - Baton Rouge,SEC,LA
182,906,27,2019,Mississippi State University,SEC,MS
183,644,27,2018,San Diego State University,MW,CA
184,1166,27,2020,Texas Tech University,Big 12,TX
185,126,27,2016,"University of California, Los Angeles",PAC-12,CA
188,1167,28,2020,Louisiana State University - Baton Rouge,SEC,LA
189,127,28,2016,Stanford University,PAC-12,CA
190,386,28,2017,University of Michigan-Ann Arbor,Big Ten,MI
191,907,28,2019,University of Notre Dame,ACC,IN
192,645,28,2018,Virginia Polytechnic Institute and State University,ACC,VA
193,646,29,2018,Florida State University,ACC,FL
194,908,29,2019,Texas Christian University,Big 12,TX
195,1168,29,2020,University of Georgia,SEC,GA
196,387,29,2017,University of Miami,ACC,FL
197,128,29,2016,University of Mississippi,SEC,MS
198,1169,30,2020,Auburn University,SEC,AL
199,129,30,2016,Louisiana Tech University,C-USA,LA
200,647,30,2018,University of Central Florida,AAC,FL
201,909,30,2019,University of Georgia,SEC,GA
202,388,30,2017,University of Wisconsin - Madison,Big Ten,WI
203,130,31,2016,Texas A&M University,SEC,TX
205,1170,31,2020,Texas Christian University,Big 12,TX
206,389,31,2017,The University of Alabama,SEC,AL
207,648,31,2018,University of Georgia,SEC,GA
208,910,31,2019,University of Washington,PAC-12,WA
213,911,32,2019,Arizona State University,PAC-12,AZ
214,1171,32,2020,Louisiana State University - Baton Rouge,SEC,LA
215,132,32,2016,Oklahoma State University,Big 12,OK
216,649,32,2018,University of Louisville,ACC,KY
217,390,32,2017,University of Wisconsin - Madison,Big Ten,WI
218,133,33,2016,Clemson University,ACC,SC
219,1173,33,2020,Clemson University,ACC,SC
220,651,33,2018,University of Nevada-Reno,MW,NV
221,913,33,2019,University of Washington,PAC-12,WA
223,392,33,2017,University of Washington,PAC-12,WA
231,914,34,2019,Temple University,AAC,PA
232,393,34,2017,The University of Alabama,SEC,AL
233,134,34,2016,University of Notre Dame,ACC,IN
234,1174,34,2020,University of South Carolina,SEC,SC
235,652,34,2018,University of Texas at El Paso,C-USA,TX
239,915,35,2019,Florida State University,ACC,FL
240,394,35,2017,Michigan State University,Big Ten,MI
241,135,35,2016,University of Arkansas,SEC,AR
242,1175,35,2020,University of Georgia,SEC,GA
243,653,35,2018,University of Georgia,SEC,GA
244,654,36,2018,South Carolina State University,MEAC,SC
245,1176,36,2020,The University of Alabama,SEC,AL
246,136,36,2016,"University of California, Los Angeles",PAC-12,CA
249,916,36,2019,University of South Carolina,SEC,SC
250,395,36,2017,University of Washington,PAC-12,WA
255,655,37,2018,Auburn University,SEC,AL
256,396,37,2017,East Carolina University,AAC,NC
257,137,37,2016,Mississippi State University,SEC,MS
258,917,37,2019,University of Mississippi,SEC,MS
259,138,38,2016,Baylor University,Big 12,TX
260,1178,38,2020,Pennsylvania State University,Big Ten,PA
272,918,38,2019,University of Oklahoma,Big 12,OK
276,656,38,2018,University of South Carolina,SEC,SC
277,397,38,2017,Western Kentucky University,C-USA,KY
278,919,39,2019,Central Michigan University,MAC,MI
279,139,39,2016,Eastern Kentucky University,ASUN,LA
283,398,39,2017,Florida State University,ACC,FL
284,657,39,2018,University of Iowa,Big Ten,IA
285,1179,39,2020,University of Louisiana at Lafayette,SBC,LA
286,920,40,2019,Clemson University,ACC,SC
287,399,40,2017,Ohio State University,Big Ten,OH
288,658,40,2018,Southern Methodist University,AAC,TX
289,1180,40,2020,Texas Christian University,Big 12,TX
290,140,40,2016,University of Oklahoma,Big 12,OK
294,659,41,2018,Boston College,ACC,MA
295,400,41,2017,Florida State University,ACC,FL
296,921,41,2019,Kansas State University,Big 12,KS
297,141,41,2016,The University of Alabama,SEC,AL
298,1181,41,2020,University of Wisconsin - Madison,Big Ten,WI
299,142,42,2016,Boise State University,MW,ID
300,660,42,2018,Pennsylvania State University,Big Ten,PA
312,1182,42,2020,University of Colorado Boulder,PAC-12,CO
313,922,42,2019,University of Missouri,SEC,MS
314,401,42,2017,University of Utah,PAC-12,UT
315,661,43,2018,Auburn University,SEC,AL
316,143,43,2016,Pennsylvania State University,Big Ten,PA
328,1183,43,2020,University of Notre Dame,ACC,IN
329,402,43,2017,University of Washington,PAC-12,WA
334,1184,44,2020,Louisiana State University - Baton Rouge,SEC,LA
335,924,44,2019,Mississippi State University,SEC,MS
336,144,44,2016,University of Illinois at Urbana-Champaign,Big Ten,IL
340,403,44,2017,University of South Alabama,SBC,AL
341,662,44,2018,University of Washington,PAC-12,WA
346,145,45,2016,The University of Alabama,SEC,AL
347,663,45,2018,University of Iowa,Big Ten,IA
348,1185,45,2020,"University of Minnesota, Twin Cities",Big Ten,MN
349,925,45,2019,Vanderbilt University,SEC,TN
350,405,46,2017,Florida State University,ACC,FL
351,926,46,2019,Louisiana State University - Baton Rouge,SEC,LA
352,1186,46,2020,Pennsylvania State University,Big Ten,PA
364,146,46,2016,The University of Alabama,SEC,AL
365,664,46,2018,University of Mississippi,SEC,MS
366,1187,47,2020,Auburn University,SEC,AL
367,147,47,2016,Ohio State University,Big Ten,OH
368,665,47,2018,Texas A&M University,SEC,TX
370,406,47,2017,University of Houston,AAC,TX
371,927,47,2019,University of Utah,PAC-12,UT
372,148,48,2016,Indiana State University,MVFC,IN
373,928,48,2019,Texas A&M University,SEC,TX
375,407,48,2017,University of Oklahoma,Big 12,OK
379,666,48,2018,University of South Carolina,SEC,SC
380,1188,48,2020,University of Tennessee,SEC,TN
384,667,49,2018,South Dakota State University,MVFC,SD
385,929,49,2019,Texas Christian University,Big 12,TX
386,408,49,2017,The University of Alabama,SEC,AL
387,149,49,2016,The University of Alabama,SEC,AL
388,1189,49,2020,University of Notre Dame,ACC,IN
389,409,50,2017,Texas A&M University,SEC,TX
391,930,50,2019,The University of Alabama,SEC,AL
392,668,50,2018,The University of Texas at Austin,Big 12,TX
393,150,50,2016,University of Notre Dame,ACC,IN
394,1190,50,2020,University of Utah,PAC-12,UT
395,410,51,2017,Florida State University,ACC,FL
396,151,51,2016,Pennsylvania State University,Big Ten,PA
408,1191,51,2020,The University of Alabama,SEC,AL
409,669,51,2018,University of Memphis,AAC,TN
410,931,51,2019,University of Mississippi,SEC,MS
411,1192,52,2020,Florida State University,ACC,FL
412,152,52,2016,Louisiana State University - Baton Rouge,SEC,LA
413,670,52,2018,Rutgers University,Big Ten,NJ
414,411,52,2017,University of Notre Dame,ACC,IN
415,932,52,2019,University of Washington,PAC-12,WA
420,412,53,2017,Florida State University,ACC,FL
421,933,53,2019,Pennsylvania State University,Big Ten,PA
433,671,53,2018,University of North Carolina at Greensboro,SoCon,NC
434,1193,53,2020,University of Oklahoma,Big 12,OK
438,153,53,2016,University of South Carolina,SEC,SC
439,154,54,2016,Clemson University,ACC,SC
440,413,54,2017,Ohio State University,Big Ten,OH
441,1194,54,2020,University of Iowa,Big Ten,IA
442,934,54,2019,University of Kentucky,SEC,KY
443,672,54,2018,Wake Forest University,ACC,NC
444,673,55,2018,Louisiana State University - Baton Rouge,SEC,LA
445,935,55,2019,Northern Illinois University,MAC,IL
446,1195,55,2020,Ohio State University,Big Ten,OH
447,414,55,2017,The University of Alabama,SEC,AL
448,155,55,2016,University of Pittsburgh,ACC,PA
449,415,56,2017,Central Connecticut State University,NEC,CT
450,674,56,2018,Florida State University,ACC,FL
451,156,56,2016,Kansas State University,Big 12,KS
452,1196,56,2020,The University of Alabama,SEC,AL
453,936,56,2019,University of Georgia,SEC,GA
454,157,57,2016,Clemson University,ACC,SC
455,1197,57,2020,Florida State University,ACC,FL
456,675,57,2018,Sam Houston State University,WAC,TX
457,937,57,2019,Stanford University,PAC-12,CA
458,416,57,2017,Vanderbilt University,SEC,TN
459,1198,58,2020,Boise State University,MW,ID
460,417,58,2017,Louisiana State University - Baton Rouge,SEC,LA
461,938,58,2019,University of Central Florida,AAC,FL
462,676,58,2018,University of Colorado Boulder,PAC-12,CO
463,158,58,2016,"University of Maryland, College Park",Big Ten,MD
467,1199,59,2020,Baylor University,Big 12,TX
468,159,59,2016,Florida State University,ACC,FL
469,677,59,2018,Louisiana State University - Baton Rouge,SEC,LA
470,939,59,2019,Ohio State University,Big Ten,OH
471,678,60,2018,Oklahoma State University,Big 12,OK
472,160,60,2016,The University of Alabama,SEC,AL
473,419,60,2017,University of Colorado Boulder,PAC-12,CO
474,940,60,2019,University of Delaware,CAA,DE
475,1200,60,2020,University of Michigan-Ann Arbor,Big Ten,MI
476,1201,61,2020,Louisiana State University - Baton Rouge,SEC,LA
477,679,61,2018,Louisiana State University - Baton Rouge,SEC,LA
478,420,61,2017,North Carolina State University - Raleigh,ACC,NC
479,161,61,2016,Ohio State University,Big Ten,OH
480,941,61,2019,University of Washington,PAC-12,WA
485,1202,62,2020,Boston College,ACC,MA
486,162,62,2016,Samford University,SoCon,AL
487,942,62,2019,University of Massachusetts Amherst,Independent,NE
491,680,62,2018,University of Pittsburgh,ACC,PA
492,421,62,2017,University of South Carolina,SEC,SC
493,681,63,2018,Auburn University,SEC,AL
494,163,63,2016,Georgia Institute of Technology,ACC,GA
495,1203,63,2020,Mississippi State University,SEC,MS
496,422,63,2017,Temple University,AAC,PA
497,943,63,2019,University of Virginia,ACC,VA
502,165,64,2016,Middle Tennessee State University,C-USA,TN
503,682,64,2018,Ohio State University,Big Ten,OH
504,1204,64,2020,Southern Illinois University Carbondale,MVFC,IL
505,944,64,2019,University of Mississippi,SEC,MS
506,946,65,2019,Boston College,ACC,MA
507,684,65,2018,North Carolina A & T State University,Big South Conference,NC
508,166,65,2016,Pennsylvania State University,Big Ten,PA
520,425,65,2017,University of North Carolina at Charlotte,C-USA,NC
521,1206,65,2020,University of Wyoming,MW,WY
522,426,66,2017,University of Colorado Boulder,PAC-12,CO
523,685,66,2018,University of Georgia,SEC,GA
524,1207,66,2020,University of Memphis,AAC,TN
525,167,66,2016,University of South Carolina,SEC,SC
526,947,66,2019,University of Toledo,MAC,OH
527,948,67,2019,Baylor University,Big 12,TX
528,686,67,2018,University of Miami,ACC,FL
529,168,67,2016,University of Nebraska - Lincoln,Big Ten,MA
533,1208,67,2020,University of Notre Dame,ACC,IN
534,427,67,2017,University of Tennessee,SEC,TN
538,949,68,2019,Florida State University,ACC,FL
539,169,68,2016,Mississippi State University,SEC,MS
540,687,68,2018,Stanford University,PAC-12,CA
541,1209,68,2020,"University of California, Berkeley",PAC-12,CA
542,428,68,2017,University of Illinois at Urbana-Champaign,Big Ten,IL
546,429,69,2017,Eastern Washington University,Big Sky Conference,WA
547,1210,69,2020,Louisiana State University - Baton Rouge,SEC,LA
548,688,69,2018,North Carolina State University - Raleigh,ACC,NC
549,950,69,2019,San Jose State University,MW,CA
550,170,69,2016,"University of Maryland, College Park",Big Ten,MD
554,689,70,2018,Brigham Young University,Independent,UT
555,171,70,2016,Brigham Young University,Independent,UT
556,430,70,2017,Ohio State University,Big Ten,OH
557,1211,70,2020,The University of Texas at Austin,Big 12,TX
558,951,70,2019,University of Memphis,AAC,TN
559,172,71,2016,Boise State University,MW,ID
560,431,71,2017,Indiana State University,MVFC,IN
561,952,71,2019,Ohio State University,Big Ten,OH
562,1212,71,2020,Texas A&M University,SEC,TX
564,690,71,2018,University of Oregon,PAC-12,OR
565,173,72,2016,Florida State University,ACC,FL
566,953,72,2019,North Carolina State University - Raleigh,ACC,NC
567,1213,72,2020,University of Houston,AAC,TX
568,432,72,2017,Western Kentucky University,C-USA,KY
569,954,73,2019,Iowa State University,Big 12,IA
570,433,73,2017,Kansas State University,Big 12,KS
571,1214,73,2020,Ohio State University,Big Ten,OH
572,692,73,2018,Ohio State University,Big Ten,OH
573,174,73,2016,The University of Alabama,SEC,AL
574,955,74,2019,Florida Atlantic University,C-USA,FL
575,693,74,2018,University of Louisville,ACC,KY
576,434,74,2017,University of Michigan-Ann Arbor,Big Ten,MI
577,175,74,2016,University of Notre Dame,ACC,IN
578,1215,74,2020,University of Wisconsin - Madison,Big Ten,WI
579,694,75,2018,Florida State University,ACC,FL
580,435,75,2017,Louisiana State University - Baton Rouge,SEC,LA
581,176,75,2016,Michigan State University,Big Ten,MI
582,1216,75,2020,Ohio State University,Big Ten,OH
583,956,75,2019,Texas A&M University,SEC,TX
585,177,76,2016,Auburn University,SEC,AL
586,436,76,2017,Florida State University,ACC,FL
587,957,76,2019,Ohio State University,Big Ten,OH
588,695,76,2018,Oklahoma State University,Big 12,OK
589,1217,76,2020,University of Illinois at Urbana-Champaign,Big Ten,IL
593,696,77,2018,Ohio State University,Big Ten,OH
594,437,77,2017,Texas A&M University,SEC,TX
596,1218,77,2020,University of Iowa,Big Ten,IA
597,958,77,2019,University of Michigan-Ann Arbor,Big Ten,MI
598,178,77,2016,West Virginia University,Big 12,WV
599,179,78,2016,North Carolina State University - Raleigh,ACC,NC
600,1219,78,2020,Temple University,AAC,PA
601,438,78,2017,The University of Alabama,SEC,AL
602,697,78,2018,The University of Texas at Austin,Big 12,TX
603,959,78,2019,University of Wisconsin - Madison,Big Ten,WI
604,1220,79,2020,Florida State University,ACC,FL
605,180,79,2016,Oregon State University,PAC-12,OR
606,439,79,2017,The University of Alabama,SEC,AL
607,960,79,2019,University of Michigan-Ann Arbor,Big Ten,MI
608,698,79,2018,University of South Carolina,SEC,SC
609,961,80,2019,Brigham Young University,Independent,UT
610,699,80,2018,Mississippi State University,SEC,MS
611,181,80,2016,Ohio State University,Big Ten,OH
612,440,80,2017,Ohio University,MAC,OH
613,1221,80,2020,University of Kentucky,SEC,KY
614,962,81,2019,Boston College,ACC,MA
615,700,81,2018,Colorado State University,MW,CO
616,182,81,2016,Stanford University,PAC-12,CA
617,441,81,2017,"University of California, Los Angeles",PAC-12,CA
620,1222,81,2020,University of South Carolina,SEC,SC
621,442,82,2017,Louisiana Tech University,C-USA,LA
622,183,82,2016,Texas Tech University,Big 12,TX
623,701,82,2018,University of Louisiana at Lafayette,SBC,LA
624,963,82,2019,University of North Carolina at Charlotte,C-USA,NC
625,1223,82,2020,University of Oklahoma,Big 12,OK
629,1224,83,2020,Louisiana State University - Baton Rouge,SEC,LA
630,964,83,2019,Michigan State University,Big Ten,MI
631,184,83,2016,University of Georgia,SEC,GA
632,702,83,2018,University of Oklahoma,Big 12,OK
636,443,83,2017,Youngstown State University,MVFC,OH
637,703,84,2018,North Carolina State University - Raleigh,ACC,NC
638,444,84,2017,Pennsylvania State University,Big Ten,PA
650,1225,84,2020,The University of Alabama,SEC,AL
651,185,84,2016,Virginia Polytechnic Institute and State University,ACC,VA
652,965,84,2019,Western Illinois University,MVFC,IL
653,966,85,2019,Louisiana Tech University,C-USA,LA
654,186,85,2016,Ohio State University,Big Ten,OH
655,445,85,2017,Troy University,SBC,AL
656,704,85,2018,University of Tennessee,SEC,TN
660,1226,85,2020,University of Utah,PAC-12,UT
661,187,86,2016,Rutgers University,Big Ten,NJ
662,967,86,2019,San Diego State University,MW,CA
663,705,86,2018,University of Oklahoma,Big 12,OK
667,446,86,2017,University of Toledo,MAC,OH
668,1227,86,2020,University of Utah,PAC-12,UT
669,706,87,2018,Louisiana State University - Baton Rouge,SEC,LA
670,1228,87,2020,The University of Alabama,SEC,AL
671,968,87,2019,The University of Alabama,SEC,AL
672,447,87,2017,"University of California, Berkeley",PAC-12,CA
673,188,87,2016,Utah State University,MW,UT
674,1229,88,2020,The University of Texas at Austin,Big 12,TX
675,448,88,2017,"University of California, Los Angeles",PAC-12,CA
678,969,88,2019,University of Utah,PAC-12,UT
679,189,88,2016,Utah State University,MW,UT
680,707,88,2018,Vanderbilt University,SEC,TN
681,1230,89,2020,Mississippi State University,SEC,MS
682,190,89,2016,South Carolina State University,MEAC,SC
683,970,89,2019,Stanford University,PAC-12,CA
684,708,89,2018,Texas Christian University,Big 12,TX
685,449,89,2017,The University of Texas at Austin,Big 12,TX
686,1231,90,2020,Florida State University,ACC,FL
687,971,90,2019,Pennsylvania State University,Big Ten,PA
699,450,90,2017,University of Central Florida,AAC,FL
700,191,90,2016,University of Notre Dame,ACC,IN
701,709,90,2018,University of South Florida,AAC,FL
702,451,91,2017,Boston College,ACC,MA
703,192,91,2016,North Carolina State University - Raleigh,ACC,NC
704,1232,91,2020,"University of California, Los Angeles",PAC-12,CA
707,710,91,2018,University of Central Florida,AAC,FL
708,193,92,2016,Texas A&M University,SEC,TX
710,1233,92,2020,The University of Texas at Austin,Big 12,TX
711,452,92,2017,University of Michigan-Ann Arbor,Big Ten,MI
712,973,92,2019,University of South Carolina,SEC,SC
713,1234,93,2020,Appalachian State University,SBC,NC
714,453,93,2017,Auburn University,SEC,AL
715,712,93,2018,The University of Alabama,SEC,AL
716,974,93,2019,University of Notre Dame,ACC,IN
717,194,93,2016,University of South Carolina,SEC,SC
718,975,94,2019,Auburn University,SEC,AL
719,195,94,2016,Ohio State University,Big Ten,OH
720,1235,94,2020,University of Cincinnati,AAC,OH
721,454,94,2017,University of Tennessee,SEC,TN
725,976,95,2019,Old Dominion University,C-USA,VA
726,1236,95,2020,University of Arkansas,SEC,AR
727,455,95,2017,University of Michigan-Ann Arbor,Big Ten,MI
728,196,95,2016,University of Michigan-Ann Arbor,Big Ten,MI
729,714,95,2018,University of Southern Mississippi,C-USA,MS
730,456,96,2017,Northern Illinois University,MAC,IL
731,715,96,2018,Stanford University,PAC-12,CA
732,1237,96,2020,Texas Christian University,Big 12,TX
733,977,96,2019,University of Mississippi,SEC,MS
734,197,96,2016,University of Nebraska - Lincoln,Big Ten,MA
738,198,97,2016,Boise State University,MW,ID
739,457,97,2017,Clemson University,ACC,SC
740,1238,97,2020,Louisiana State University - Baton Rouge,SEC,LA
741,716,97,2018,University of Michigan-Ann Arbor,Big Ten,MI
742,978,97,2019,University of Oklahoma,Big 12,OK
746,199,98,2016,Boston College,ACC,MA
747,458,98,2017,Grambling State University,SWAC,LA
748,979,98,2019,Murray State University,OVC,KY
749,1239,98,2020,Ohio State University,Big Ten,OH
750,717,98,2018,University of Central Florida,AAC,FL
751,718,99,2018,Boston College,ACC,MA
752,1240,99,2020,Central Connecticut State University,NEC,CT
753,980,99,2019,University of Kentucky,SEC,KY
754,201,99,2016,University of Wisconsin - Madison,Big Ten,WI
755,459,99,2017,West Virginia University,Big 12,WV
756,719,100,2018,Clemson University,ACC,SC
757,1241,100,2020,Clemson University,ACC,SC
758,460,100,2017,Florida International University,C-USA,FL
759,202,100,2016,Michigan State University,Big Ten,MI
760,981,100,2019,West Virginia University,Big 12,WV
761,721,101,2018,Indiana State University,MVFC,IN
762,461,101,2017,Lamar University,WAC,TX
763,203,101,2016,University of Oklahoma,Big 12,OK
767,1242,101,2020,Virginia Polytechnic Institute and State University,ACC,VA
768,982,101,2019,West Virginia University,Big 12,WV
769,983,102,2019,Boise State University,MW,ID
770,204,102,2016,Ohio State University,Big Ten,OH
771,722,102,2018,Ohio State University,Big Ten,OH
772,1243,102,2020,University of North Carolina at Charlotte,C-USA,NC
773,462,102,2017,University of North Carolina at Greensboro,SoCon,NC
774,463,103,2017,Florida Atlantic University,C-USA,FL
775,985,103,2019,Iowa State University,Big 12,IA
776,723,103,2018,Texas Tech University,Big 12,TX
777,1244,103,2020,University of Colorado Boulder,PAC-12,CO
778,205,103,2016,University of Notre Dame,ACC,IN
779,724,104,2018,North Carolina State University - Raleigh,ACC,NC
780,986,104,2019,North Carolina State University - Raleigh,ACC,NC
781,206,104,2016,Temple University,AAC,PA
782,464,104,2017,University of Iowa,Big Ten,IA
783,1245,104,2020,University of Utah,PAC-12,UT
784,725,105,2018,Florida State University,ACC,FL
785,987,105,2019,Florida State University,ACC,FL
786,207,105,2016,University of Cincinnati,AAC,OH
787,1246,105,2020,University of Dayton,PFL,OH
788,465,105,2017,University of Pittsburgh,ACC,PA
789,988,106,2019,Eastern Michigan University,MAC,MI
790,1247,106,2020,Mississippi State University,SEC,MS
791,726,106,2018,University of Iowa,Big Ten,IA
792,466,106,2017,University of Michigan-Ann Arbor,Big Ten,MI
793,208,106,2016,"University of Minnesota, Twin Cities",Big Ten,MN
794,1249,107,2020,Appalachian State University,SBC,NC
795,467,107,2017,Louisiana State University - Baton Rouge,SEC,LA
796,209,107,2016,University of Cincinnati,AAC,OH
797,989,107,2019,University of Iowa,Big Ten,IA
798,727,107,2018,University of Miami,ACC,FL
799,1250,108,2020,Louisiana State University - Baton Rouge,SEC,LA
800,210,108,2016,North Carolina Central University,MEAC,NC
801,990,108,2019,University of Notre Dame,ACC,IN
802,469,108,2017,University of Wisconsin - Madison,Big Ten,WI
803,211,109,2016,Clemson University,ACC,SC
804,1251,109,2020,Clemson University,ACC,SC
805,991,109,2019,Michigan State University,Big Ten,MI
806,729,109,2018,Pennsylvania State University,Big Ten,PA
818,470,109,2017,University of Iowa,Big Ten,IA
819,1252,110,2020,"University of California, Los Angeles",PAC-12,CA
822,471,110,2017,University of Oklahoma,Big 12,OK
826,992,110,2019,University of Utah,PAC-12,UT
827,730,110,2018,University of Wisconsin - Madison,Big Ten,WI
828,212,110,2016,Western Kentucky University,C-USA,KY
829,731,111,2018,Michigan State University,Big Ten,MI
830,993,111,2019,Ohio State University,Big Ten,OH
831,213,111,2016,Southern Utah University,Big Sky Conference,UT
832,472,111,2017,University of Colorado Boulder,PAC-12,CO
833,1253,111,2020,University of Georgia,SEC,GA
834,994,112,2019,Stanford University,PAC-12,CA
835,473,112,2017,The University of Alabama,SEC,AL
836,1254,112,2020,"University of California, Los Angeles",PAC-12,CA
839,214,112,2016,University of Georgia,SEC,GA
840,732,112,2018,University of Miami,ACC,FL
841,995,113,2019,Oklahoma State University,Big 12,OK
842,733,113,2018,Pennsylvania State University,Big Ten,PA
854,474,113,2017,University of Miami,ACC,FL
855,1255,113,2020,University of Notre Dame,ACC,IN
856,215,113,2016,West Virginia University,Big 12,WV
857,216,114,2016,Auburn University,SEC,AL
858,734,114,2018,The University of Alabama,SEC,AL
859,475,114,2017,University of Oklahoma,Big 12,OK
860,996,114,2019,University of Oklahoma,Big 12,OK
867,1256,114,2020,University of Utah,PAC-12,UT
868,1257,115,2020,Florida Atlantic University,C-USA,FL
869,997,115,2019,The University of Alabama,SEC,AL
870,217,115,2016,"University of Minnesota, Twin Cities",Big Ten,MN
871,476,115,2017,University of Pittsburgh,ACC,PA
872,735,115,2018,Western Kentucky University,C-USA,KY
873,477,116,2017,Auburn University,SEC,AL
874,1258,116,2020,Saint John's University in Collegeville,DIV-III,
875,218,116,2016,The University of Texas at Austin,Big 12,TX
876,998,116,2019,University of Iowa,Big Ten,IA
877,736,116,2018,University of Kansas,Big 12,KS
878,999,117,2019,Clemson University,ACC,SC
879,478,117,2017,Texas A&M University,SEC,TX
881,737,117,2018,University of Pittsburgh,ACC,PA
882,219,117,2016,University of South Carolina,SEC,SC
883,1259,117,2020,University of South Carolina,SEC,SC
884,220,118,2016,North Carolina State University - Raleigh,ACC,NC
885,738,118,2018,The University of Alabama,SEC,AL
886,1000,118,2019,University of Arkansas,SEC,AR
887,1260,118,2020,University of Missouri,SEC,MS
888,479,118,2017,University of North Carolina at Greensboro,SoCon,NC
889,1261,119,2020,California State University-Fresno,MW,CA
890,480,119,2017,North Carolina A & T State University,Big South Conference,NC
891,221,119,2016,San Jose State University,MW,CA
892,1001,119,2019,University of Miami,ACC,FL
893,739,119,2018,West Virginia University,Big 12,WV
894,1262,120,2020,Florida State University,ACC,FL
895,222,120,2016,University of Manitoba,Foreign,Canada
899,481,120,2017,University of Michigan-Ann Arbor,Big Ten,MI
900,740,120,2018,University of Washington,PAC-12,WA
905,1002,120,2019,West Virginia University,Big 12,WV
906,1263,121,2020,University of Kentucky,SEC,KY
907,482,121,2017,University of Utah,PAC-12,UT
908,741,121,2018,Weber State University,Big Sky Conference,UT
909,1003,121,2019,West Virginia University,Big 12,WV
910,224,122,2016,Baylor University,Big 12,TX
911,483,122,2017,San Diego State University,MW,CA
912,742,122,2018,"University of California, Los Angeles",PAC-12,CA
915,1004,122,2019,University of Kentucky,SEC,KY
916,1264,122,2020,University of Washington,PAC-12,WA
921,225,123,2016,Louisiana State University - Baton Rouge,SEC,LA
922,484,123,2017,Michigan State University,Big Ten,MI
923,743,123,2018,University of Notre Dame,ACC,IN
924,1005,123,2019,University of Oklahoma,Big 12,OK
928,1265,123,2020,University of Tulsa,AAC,OK
929,744,124,2018,Texas A&M University,SEC,TX
931,1266,124,2020,"University of Maryland, College Park",Big Ten,MD
935,226,124,2016,University of Miami,ACC,FL
936,485,124,2017,University of Tennessee,SEC,TN
940,1006,124,2019,Wake Forest University,ACC,NC
941,1007,125,2019,Arizona State University,PAC-12,AZ
942,486,125,2017,Eastern Washington University,Big Sky Conference,WA
943,1267,125,2020,Florida International University,C-USA,FL
944,227,125,2016,Florida State University,ACC,FL
945,745,125,2018,University of Pittsburgh,ACC,PA
946,228,126,2016,Florida State University,ACC,FL
947,1008,126,2019,University of Georgia,SEC,GA
948,487,126,2017,University of Houston,AAC,TX
949,1268,126,2020,University of North Carolina at Greensboro,SoCon,NC
950,746,126,2018,University of Southern Mississippi,C-USA,MS
951,1269,127,2020,Clemson University,ACC,SC
952,747,127,2018,Florida State University,ACC,FL
953,229,127,2016,University of Northern Iowa,MVFC,IA
954,1009,127,2019,University of South Carolina,SEC,SC
955,488,127,2017,University of Toledo,MAC,OH
956,748,128,2018,North Carolina State University - Raleigh,ACC,NC
957,1270,128,2020,University of Central Florida,AAC,FL
958,1010,128,2019,University of Memphis,AAC,TN
959,230,128,2016,University of Missouri,SEC,MS
960,489,128,2017,University of Tennessee,SEC,TN
964,490,129,2017,Florida State University,ACC,FL
965,749,129,2018,North Carolina State University - Raleigh,ACC,NC
966,231,129,2016,Texas Christian University,Big 12,TX
967,1011,129,2019,University of Houston,AAC,TX
968,1271,129,2020,University of North Carolina at Charlotte,C-USA,NC
969,1272,130,2020,Baylor University,Big 12,TX
970,491,130,2017,Bucknell University,Patriot League,PA
971,750,130,2018,Florida State University,ACC,FL
972,232,130,2016,University of Nebraska - Lincoln,Big Ten,MA
976,1012,130,2019,University of Notre Dame,ACC,IN
977,751,131,2018,Arizona State University,PAC-12,AZ
978,1013,131,2019,Indiana State University,MVFC,IN
979,1273,131,2020,Louisiana State University - Baton Rouge,SEC,LA
980,233,131,2016,Stanford University,PAC-12,CA
981,492,131,2017,University of Arkansas,SEC,AR
982,752,132,2018,New Mexico State University,WAC,NM
983,493,132,2017,San Diego State University,MW,CA
984,234,132,2016,University of Michigan-Ann Arbor,Big Ten,MI
985,1014,132,2019,University of Oregon,PAC-12,OR
986,1274,132,2020,University of Oregon,PAC-12,OR
987,1015,133,2019,Auburn University,SEC,AL
988,235,133,2016,Louisiana State University - Baton Rouge,SEC,LA
989,1275,133,2020,Stanford University,PAC-12,CA
990,753,133,2018,University of Missouri,SEC,MS
991,494,133,2017,University of North Carolina at Greensboro,SoCon,NC
992,495,134,2017,Brigham Young University,Independent,UT
993,236,134,2016,Louisiana Tech University,C-USA,LA
994,1276,134,2020,"University of California, Berkeley",PAC-12,CA
995,1016,134,2019,University of Washington,PAC-12,WA
1000,237,135,2016,Mississippi State University,SEC,MS
1001,755,135,2018,Stephen F Austin State University,WAC,TX
1002,1277,135,2020,University of Louisiana at Lafayette,SBC,LA
1003,496,135,2017,University of Tennessee,SEC,TN
1007,1018,136,2019,Ohio State University,Big Ten,OH
1008,497,136,2017,Oregon State University,PAC-12,OR
1009,1278,136,2020,Purdue University - West Lafayette,Big Ten,IN
1010,756,136,2018,University of Mississippi,SEC,MS
1011,238,136,2016,University of Utah,PAC-12,UT
1012,1019,137,2019,Louisiana State University - Baton Rouge,SEC,LA
1013,1279,137,2020,Michigan State University,Big Ten,MI
1014,239,137,2016,Northwestern State University of Louisiana,SLC,LA
1015,757,137,2018,Stanford University,PAC-12,CA
1016,498,137,2017,University of South Carolina,SEC,SC
1017,1280,138,2020,Louisiana Tech University,C-USA,LA
1018,1020,138,2019,Pennsylvania State University,Big Ten,PA
1030,240,138,2016,Princeton University,Ivy League,NJ
1031,499,138,2017,University of Michigan-Ann Arbor,Big Ten,MI
1032,759,138,2018,Washington State University,PAC-12,WA
1033,1281,139,2020,Louisiana Tech University,C-USA,LA
1034,241,139,2016,Ohio State University,Big Ten,OH
1035,1022,139,2019,The University of Alabama,SEC,AL
1036,760,139,2018,University of Miami,ACC,FL
1037,500,139,2017,University of Michigan-Ann Arbor,Big Ten,MI
1038,501,140,2017,Clemson University,ACC,SC
1039,1023,140,2019,Temple University,AAC,PA
1040,243,140,2016,University of Massachusetts Amherst,Independent,NE
1044,1282,140,2020,University of Miami,ACC,FL
1045,761,140,2018,University of Michigan-Ann Arbor,Big Ten,MI
1046,1283,141,2020,Pennsylvania State University,Big Ten,PA
1058,502,141,2017,"University of California, Berkeley",PAC-12,CA
1059,762,141,2018,University of Central Florida,AAC,FL
1060,1024,141,2019,University of Michigan-Ann Arbor,Big Ten,MI
1061,244,141,2016,University of Oklahoma,Big 12,OK
1065,245,142,2016,Appalachian State University,SBC,NC
1066,503,142,2017,Clemson University,ACC,SC
1067,763,142,2018,Kansas State University,Big 12,KS
1068,1284,142,2020,Liberty University,Independent,VA
1072,1025,142,2019,University of Washington,PAC-12,WA
1077,764,143,2018,Purdue University - West Lafayette,Big Ten,IN
1078,246,143,2016,Texas Tech University,Big 12,TX
1079,1285,143,2020,University of Michigan-Ann Arbor,Big Ten,MI
1080,504,143,2017,University of South Florida,AAC,FL
1081,1026,143,2019,University of Wisconsin - Madison,Big Ten,WI
1082,1286,144,2020,University of Miami,ACC,FL
1083,247,144,2016,University of Missouri,SEC,MS
1084,765,144,2018,University of Pennsylvania,Ivy League,PA
1085,1027,144,2019,University of South Carolina,SEC,SC
1086,1287,145,2020,Auburn University,SEC,AL
1087,766,145,2018,University of Delaware,CAA,DE
1088,248,145,2016,University of Georgia,SEC,GA
1089,507,145,2017,University of Michigan-Ann Arbor,Big Ten,MI
1090,1028,145,2019,University of Utah,PAC-12,UT
1091,249,146,2016,Grand Valley State University,DIV-II,MI
1092,767,146,2018,Oklahoma State University,Big 12,OK
1093,1029,146,2019,Pennsylvania State University,Big Ten,PA
1105,508,146,2017,University of Iowa,Big Ten,IA
1106,1288,146,2020,University of Wisconsin - Madison,Big Ten,WI
1107,1030,147,2019,Florida State University,ACC,FL
1108,250,147,2016,"University of Maryland, College Park",Big Ten,MD
1112,1290,147,2020,University of Notre Dame,ACC,IN
1113,768,147,2018,University of Virginia,ACC,VA
1118,510,148,2017,Ohio University,MAC,OH
1119,769,148,2018,Pennsylvania State University,Big Ten,PA
1131,1291,148,2020,Syracuse University,ACC,NY
1132,1031,148,2019,University of Arkansas,SEC,AR
1133,251,148,2016,"University of California, Los Angeles",PAC-12,CA
1136,1292,149,2020,Ball State University,MAC,IN
1137,1032,149,2019,Clemson University,ACC,SC
1138,511,149,2017,San Diego State University,MW,CA
1139,770,149,2018,The University of Texas at Austin,Big 12,TX
1140,252,149,2016,"University of California, Los Angeles",PAC-12,CA
1143,512,150,2017,Clemson University,ACC,SC
1144,253,150,2016,Indiana State University,MVFC,IN
1145,1033,150,2019,Texas A&M University,SEC,TX
1147,771,150,2018,University of Memphis,AAC,TN
1148,1293,150,2020,University of Oregon,PAC-12,OR
1149,513,151,2017,University of Iowa,Big Ten,IA
1150,1294,151,2020,University of Virginia,ACC,VA
1155,1034,151,2019,University of Wisconsin - Madison,Big Ten,WI
1156,254,151,2016,Washington State University,PAC-12,WA
1157,255,152,2016,Temple University,AAC,PA
1158,773,152,2018,University of Arizona,PAC-12,AZ
1159,514,152,2017,University of Miami,ACC,FL
1160,1035,152,2019,University of Pittsburgh,ACC,PA
1161,1295,152,2020,West Virginia University,Big 12,WV
1162,1036,153,2019,The University of Alabama,SEC,AL
1163,515,153,2017,University of Memphis,AAC,TN
1164,774,153,2018,University of Oregon,PAC-12,OR
1165,1296,153,2020,West Virginia University,Big 12,WV
1166,256,153,2016,West Virginia University,Big 12,WV
1167,1037,154,2019,Florida State University,ACC,FL
1168,775,154,2018,Jacksonville State University,ASUN,AL
1169,516,154,2017,University of Arkansas,SEC,AR
1170,257,154,2016,"University of California, Los Angeles",PAC-12,CA
1173,1297,154,2020,University of North Carolina at Greensboro,SoCon,NC
1174,1038,155,2019,The University of Alabama,SEC,AL
1175,776,155,2018,"University of California, Los Angeles",PAC-12,CA
1178,517,155,2017,"University of California, Los Angeles",PAC-12,CA
1181,258,155,2016,University of North Dakota,MVFC,ND
1182,1298,155,2020,University of Tulsa,AAC,OK
1183,1299,156,2020,San Diego State University,MW,CA
1184,259,156,2016,University of Arkansas,SEC,AR
1185,1039,156,2019,University of Oregon,PAC-12,OR
1186,777,156,2018,University of Wisconsin - Madison,Big Ten,WI
1187,518,156,2017,University of Wyoming,MW,WY
1188,1300,157,2020,Auburn University,SEC,AL
1189,778,157,2018,Central Michigan University,MAC,MI
1190,260,157,2016,Southern Utah University,Big Sky Conference,UT
1191,1040,157,2019,"University of Minnesota, Twin Cities",Big Ten,MN
1192,519,157,2017,Vanderbilt University,SEC,TN
1193,520,158,2017,Temple University,AAC,PA
1194,1041,158,2019,University of Miami,ACC,FL
1195,261,158,2016,University of South Carolina,SEC,SC
1196,779,158,2018,University of Virginia,ACC,VA
1197,1301,158,2020,University of Virginia,ACC,VA
1206,1302,159,2020,Marshall University,C-USA,WV
1207,521,159,2017,Texas A&M University,SEC,TX
1209,1042,159,2019,"University of Maryland, College Park",Big Ten,MD
1213,780,159,2018,University of Northern Iowa,MVFC,IA
1214,262,159,2016,West Virginia University,Big 12,WV
1215,522,160,2017,Florida State University,ACC,FL
1216,1043,160,2019,Texas A&M University,SEC,TX
1218,263,160,2016,University of Missouri,SEC,MS
1219,781,160,2018,University of Oklahoma,Big 12,OK
1223,1303,160,2020,University of Washington,PAC-12,WA
1228,264,161,2016,Arizona State University,PAC-12,AZ
1229,523,161,2017,Northwestern State University of Louisiana,SLC,LA
1230,1044,161,2019,The University of Texas at Austin,Big 12,TX
1231,782,161,2018,"University of Maryland, College Park",Big Ten,MD
1235,1304,161,2020,"University of Minnesota, Twin Cities",Big Ten,MN
1236,524,162,2017,Boise State University,MW,ID
1237,265,162,2016,Stanford University,PAC-12,CA
1238,783,162,2018,"University of California, Los Angeles",PAC-12,CA
1241,1305,162,2020,University of Michigan-Ann Arbor,Big Ten,MI
1242,1045,162,2019,University of South Carolina,SEC,SC
1243,525,163,2017,Boston College,ACC,MA
1244,1306,163,2020,Georgia Southern University,SBC,GA
1245,1046,163,2019,Stanford University,PAC-12,CA
1246,266,163,2016,"University of California, Berkeley",PAC-12,CA
1247,784,163,2018,Virginia Polytechnic Institute and State University,ACC,VA
1248,1307,164,2020,Boise State University,MW,ID
1249,1047,164,2019,Tarleton State University,WAC,TX
1250,267,164,2016,Texas Christian University,Big 12,TX
1251,526,164,2017,University of Utah,PAC-12,UT
1252,785,164,2018,University of Wisconsin - Madison,Big Ten,WI
1253,786,165,2018,North Carolina State University - Raleigh,ACC,NC
1254,1308,165,2020,The University of Texas at Austin,Big 12,TX
1255,1048,165,2019,University of Miami,ACC,FL
1256,527,165,2017,University of San Diego,PFL,CA
1257,269,166,2016,Clemson University,ACC,SC
1258,1049,166,2019,University of North Dakota,MVFC,ND
1259,1309,166,2020,University of Wisconsin - Madison,Big Ten,WI
1260,787,166,2018,Virginia Polytechnic Institute and State University,ACC,VA
1261,528,166,2017,West Virginia University,Big 12,WV
1262,788,167,2018,Auburn University,SEC,AL
1263,1050,167,2019,Northwestern State University of Louisiana,SLC,LA
1264,1310,167,2020,University of Georgia,SEC,GA
1265,529,167,2017,Youngstown State University,MVFC,OH
1266,271,168,2016,Baylor University,Big 12,TX
1267,1311,168,2020,Boise State University,MW,ID
1268,789,168,2018,Ohio State University,Big Ten,OH
1269,1051,168,2019,University of Georgia,SEC,GA
1270,530,168,2017,Wake Forest University,ACC,NC
1271,272,169,2016,Georgia Southern University,SBC,GA
1272,531,169,2017,Oregon State University,PAC-12,OR
1273,1312,169,2020,Temple University,AAC,PA
1274,790,169,2018,University of Mississippi,SEC,MS
1275,1052,169,2019,University of Wisconsin - Madison,Big Ten,WI
1276,273,170,2016,Harvard University,Ivy League,MA
1277,1313,170,2020,Texas Tech University,Big 12,TX
1278,1053,170,2019,University of Oklahoma,Big 12,OK
1282,532,170,2017,University of South Florida,AAC,FL
1283,1054,171,2019,Auburn University,SEC,AL
1284,274,171,2016,University of Arkansas,SEC,AR
1285,533,171,2017,University of Pittsburgh,ACC,PA
1286,1314,171,2020,University of Rhode Island,CAA,RI
1287,792,171,2018,Western Kentucky University,C-USA,KY
1288,275,172,2016,Colorado State University,MW,CO
1289,1315,172,2020,New Mexico State University,WAC,NM
1290,793,172,2018,The University of Alabama,SEC,AL
1291,534,172,2017,University of Georgia,SEC,GA
1292,1055,172,2019,University of Washington,PAC-12,WA
1297,794,173,2018,Florida State University,ACC,FL
1298,1316,173,2020,Tulane University,AAC,LA
1300,1056,173,2019,University of North Carolina at Greensboro,SoCon,NC
1301,535,173,2017,University of Utah,PAC-12,UT
1302,1058,174,2019,California State University-Fresno,MW,CA
1303,536,174,2017,Drake University,PFL,IA
1304,1317,174,2020,North Carolina State University - Raleigh,ACC,NC
1305,277,174,2016,University of Mississippi,SEC,MS
1306,795,174,2018,University of South Florida,AAC,FL
1307,1059,175,2019,Northern Illinois University,MAC,IL
1308,537,175,2017,Purdue University - West Lafayette,Big Ten,IN
1309,797,175,2018,Texas A&M University,SEC,TX
1311,278,175,2016,The University of Akron,MAC,OH
1312,1318,175,2020,"University of Minnesota, Twin Cities",Big Ten,MN
1313,1060,176,2019,Stanford University,PAC-12,CA
1314,1319,176,2020,University of Miami,ACC,FL
1315,280,176,2016,University of Nebraska - Lincoln,Big Ten,MA
1319,798,176,2018,University of Tennessee,SEC,TN
1323,538,176,2017,University of Utah,PAC-12,UT
1324,539,177,2017,Louisiana Tech University,C-USA,LA
1325,1061,177,2019,Rutgers University,Big Ten,NJ
1326,281,177,2016,South Carolina State University,MEAC,SC
1327,1320,177,2020,University of Michigan-Ann Arbor,Big Ten,MI
1328,799,177,2018,Wake Forest University,ACC,NC
1329,800,178,2018,Arizona State University,PAC-12,AZ
1330,282,178,2016,Georgia Institute of Technology,ACC,GA
1331,540,178,2017,Louisiana State University - Baton Rouge,SEC,LA
1332,1321,178,2020,Wake Forest University,ACC,NC
1333,1062,178,2019,Washington State University,PAC-12,WA
1334,283,179,2016,Texas A&M University,SEC,TX
1336,801,179,2018,Tulane University,AAC,LA
1338,1063,179,2019,University of Georgia,SEC,GA
1339,541,179,2017,University of North Carolina at Greensboro,SoCon,NC
1340,1322,179,2020,University of Utah,PAC-12,UT
1341,802,180,2018,Central Connecticut State University,NEC,CT
1342,1324,180,2020,University of Kansas,Big 12,KS
1343,542,180,2017,University of Miami,ACC,FL
1344,1325,181,2020,California State University-Fresno,MW,CA
1345,285,181,2016,The University of Montana,Big Sky Conference,MT
1346,1065,181,2019,University of Miami,ACC,FL
1347,803,181,2018,University of Utah,PAC-12,UT
1348,286,182,2016,Navy,Independent,VA
1349,804,182,2018,Pennsylvania State University,Big Ten,PA
1361,1066,182,2019,Texas A&M University,SEC,TX
1363,1326,182,2020,University of Michigan-Ann Arbor,Big Ten,MI
1364,544,182,2017,University of Texas at El Paso,C-USA,TX
1368,805,183,2018,Arizona State University,PAC-12,AZ
1369,545,183,2017,Georgia Southern University,SBC,GA
1370,1327,183,2020,Pennsylvania State University,Big Ten,PA
1382,287,183,2016,University of Oklahoma,Big 12,OK
1386,1067,183,2019,Vanderbilt University,SEC,TN
1387,1328,184,2020,Baylor University,Big 12,TX
1388,806,184,2018,Florida State University,ACC,FL
1389,1068,184,2019,Old Dominion University,C-USA,VA
1390,546,184,2017,University of Nebraska - Lincoln,Big Ten,MA
1394,288,184,2016,University of South Carolina,SEC,SC
1395,807,185,2018,Clemson University,ACC,SC
1396,289,185,2016,College of William and Mary,CAA,VA
1397,548,185,2017,Florida State University,ACC,FL
1398,1329,185,2020,Louisiana State University - Baton Rouge,SEC,LA
1399,1069,185,2019,University of Toledo,MAC,OH
1400,808,186,2018,Temple University,AAC,PA
1401,290,186,2016,Texas Tech University,Big 12,TX
1402,1070,186,2019,"University of Maryland, College Park",Big Ten,MD
1406,1330,186,2020,University of Notre Dame,ACC,IN
1407,549,186,2017,Virginia Polytechnic Institute and State University,ACC,VA
1408,809,187,2018,Clemson University,ACC,SC
1409,291,187,2016,Indiana State University,MVFC,IN
1410,550,187,2017,University of Cincinnati,AAC,OH
1411,1071,187,2019,University of Colorado Boulder,PAC-12,CO
1412,1331,187,2020,University of Michigan-Ann Arbor,Big Ten,MI
1413,1332,188,2020,Georgia Southern University,SBC,GA
1414,292,188,2016,The University of Texas at San Antonio,C-USA,TX
1417,551,188,2017,University of Louisiana at Lafayette,SBC,LA
1418,810,188,2018,University of Louisiana at Lafayette,SBC,LA
1419,1072,188,2019,West Virginia University,Big 12,WV
1420,811,189,2018,Boston College,ACC,MA
1421,1333,189,2020,Oregon State University,PAC-12,OR
1422,293,189,2016,Purdue University - West Lafayette,Big Ten,IN
1423,1073,189,2019,Southeast Missouri State University,OVC,MO
1424,552,189,2017,Tulane University,AAC,LA
1426,812,190,2018,The University of Texas at Austin,Big 12,TX
1427,1074,190,2019,University of Arkansas,SEC,AR
1428,1334,190,2020,University of Georgia,SEC,GA
1429,294,190,2016,University of Kentucky,SEC,KY
1430,553,190,2017,University of Utah,PAC-12,UT
1431,554,191,2017,Louisiana Tech University,C-USA,LA
1432,1335,191,2020,Texas A&M University,SEC,TX
1434,813,191,2018,Texas Tech University,Big 12,TX
1435,295,191,2016,University of Michigan-Ann Arbor,Big Ten,MI
1436,1075,191,2019,University of Wyoming,MW,WY
1437,296,192,2016,Texas Christian University,Big 12,TX
1438,1076,192,2019,The University of Alabama,SEC,AL
1439,1336,192,2020,University of Michigan-Ann Arbor,Big Ten,MI
1440,1077,193,2019,Elon University,CAA,NC
1441,815,193,2018,Indiana State University,MVFC,IN
1442,1337,193,2020,Pennsylvania State University,Big Ten,PA
1454,297,193,2016,University of Arkansas,SEC,AR
1455,556,193,2017,University of Oklahoma,Big 12,OK
1459,298,194,2016,Colorado State University,MW,CO
1460,816,194,2018,Louisiana State University - Baton Rouge,SEC,LA
1461,557,194,2017,Oklahoma State University,Big 12,OK
1462,1338,194,2020,University of Nebraska - Lincoln,Big Ten,MA
1466,1078,194,2019,University of Notre Dame,ACC,IN
1467,558,195,2017,Boise State University,MW,ID
1468,1079,195,2019,Central Michigan University,MAC,MI
1469,817,195,2018,Rutgers University,Big Ten,NJ
1470,299,195,2016,San Jose State University,MW,CA
1471,1339,195,2020,Wake Forest University,ACC,NC
1472,300,196,2016,Auburn University,SEC,AL
1473,1080,196,2019,Rutgers University,Big Ten,NJ
1474,1340,196,2020,Temple University,AAC,PA
1475,818,196,2018,University of Central Arkansas,ASUN,AR
1476,559,196,2017,University of Miami,ACC,FL
1477,301,197,2016,Northwestern State University of Louisiana,SLC,LA
1478,1081,197,2019,Pennsylvania State University,Big Ten,PA
1490,819,197,2018,The University of Alabama,SEC,AL
1491,560,197,2017,University of Michigan-Ann Arbor,Big Ten,MI
1492,1341,197,2020,University of Utah,PAC-12,UT
1493,1342,198,2020,"University of Maryland, College Park",Big Ten,MD
1497,561,198,2017,University of Mississippi,SEC,MS
1498,820,198,2018,University of Tennessee,SEC,TN
1502,1082,198,2019,University of Virginia,ACC,VA
1507,302,198,2016,University of Wisconsin - Madison,Big Ten,WI
1508,1083,199,2019,Mississippi State University,SEC,MS
1509,1343,199,2020,Ohio State University,Big Ten,OH
1510,303,199,2016,University of Mississippi,SEC,MS
1511,562,199,2017,University of Wyoming,MW,WY
1512,821,199,2018,Washington State University,PAC-12,WA
1513,304,200,2016,Stanford University,PAC-12,CA
1514,1084,200,2019,University of Houston,AAC,TX
1515,563,200,2017,University of Pittsburgh,ACC,PA
1516,1344,200,2020,University of Southern Mississippi,C-USA,MS
1517,822,200,2018,Yale University,Ivy League,CT
1518,823,201,2018,Louisiana Tech University,C-USA,LA
1519,1345,201,2020,Southern Methodist University,AAC,TX
1520,305,201,2016,University of Arkansas,SEC,AR
1521,1085,201,2019,University of South Carolina,SEC,SC
1522,564,201,2017,Virginia Polytechnic Institute and State University,ACC,VA
1523,1086,202,2019,Ohio State University,Big Ten,OH
1524,306,202,2016,Pennsylvania State University,Big Ten,PA
1536,1346,202,2020,"University of California, Berkeley",PAC-12,CA
1537,565,202,2017,University of Utah,PAC-12,UT
1538,824,202,2018,University of Wisconsin - Madison,Big Ten,WI
1539,566,203,2017,Coastal Carolina University,SBC,SC
1540,1347,203,2020,Oregon State University,PAC-12,OR
1541,825,203,2018,University of Nebraska - Lincoln,Big Ten,MA
1545,307,203,2016,Virginia Polytechnic Institute and State University,ACC,VA
1546,308,204,2016,Pennsylvania State University,Big Ten,PA
1558,1088,204,2019,University of Miami,ACC,FL
1559,567,204,2017,University of Mississippi,SEC,MS
1560,1348,204,2020,University of Wyoming,MW,WY
1561,1089,205,2019,Kansas State University,Big 12,KS
1562,309,205,2016,Southeastern Louisiana University,SLC,LA
1563,568,205,2017,University of Arkansas,SEC,AR
1564,827,205,2018,University of Louisville,ACC,KY
1565,1349,205,2020,University of Michigan-Ann Arbor,Big Ten,MI
1566,1350,206,2020,Georgia Institute of Technology,ACC,GA
1567,1090,206,2019,North Carolina State University - Raleigh,ACC,NC
1568,828,206,2018,Texas Christian University,Big 12,TX
1569,310,206,2016,University of Southern Mississippi,C-USA,MS
1570,569,206,2017,Virginia Polytechnic Institute and State University,ACC,VA
1571,311,207,2016,Louisiana Tech University,C-USA,LA
1572,1351,207,2020,Oregon State University,PAC-12,OR
1573,1091,207,2019,The University of Akron,MAC,OH
1574,570,207,2017,University of Houston,AAC,TX
1575,829,207,2018,University of Notre Dame,ACC,IN
1576,571,208,2017,Auburn University,SEC,AL
1577,830,208,2018,Boise State University,MW,ID
1578,1092,208,2019,Bowling Green State University,MAC,OH
1579,312,208,2016,Eastern Illinois University,OVC,IL
1580,1352,208,2020,University of Oregon,PAC-12,OR
1581,1093,209,2019,Florida State University,ACC,FL
1582,572,209,2017,Georgia State University,SBC,GA
1583,1353,209,2020,Indiana State University,MVFC,IN
1584,831,209,2018,University of Southern Mississippi,C-USA,MS
1585,313,209,2016,University of Virginia,ACC,VA
1590,1094,210,2019,Auburn University,SEC,AL
1591,1354,210,2020,Auburn University,SEC,AL
1592,314,210,2016,Baylor University,Big 12,TX
1593,573,210,2017,Mississippi State University,SEC,MS
1594,832,210,2018,University of Miami,ACC,FL
1595,315,211,2016,Florida State University,ACC,FL
1596,833,211,2018,Mississippi State University,SEC,MS
1597,574,211,2017,"University of California, Los Angeles",PAC-12,CA
1600,1355,211,2020,University of Massachusetts Amherst,Independent,NE
1604,1095,211,2019,University of Oklahoma,Big 12,OK
1608,316,212,2016,Central Michigan University,MAC,MI
1609,1096,212,2019,University of South Carolina,SEC,SC
1610,575,212,2017,University of South Florida,AAC,FL
1611,834,212,2018,Wagner College,NEC,NY
1612,1356,212,2020,Washington State University,PAC-12,WA
1613,835,213,2018,Appalachian State University,SBC,NC
1614,317,213,2016,Michigan State University,Big Ten,MI
1615,1097,213,2019,Texas A&M University,SEC,TX
1617,576,213,2017,University of Louisville,ACC,KY
1618,1357,213,2020,University of Michigan-Ann Arbor,Big Ten,MI
1619,1358,214,2020,Florida State University,ACC,FL
1620,836,214,2018,Stanford University,PAC-12,CA
1621,318,214,2016,University of Houston,AAC,TX
1622,577,214,2017,University of Washington,PAC-12,WA
1627,1098,214,2019,Utah State University,MW,UT
1628,1360,215,2020,Purdue University - West Lafayette,Big Ten,IN
1629,319,215,2016,Texas Christian University,Big 12,TX
1630,837,215,2018,The University of Alabama,SEC,AL
1631,578,215,2017,University of Miami,ACC,FL
1632,1100,215,2019,University of Missouri,SEC,MS
1633,320,216,2016,Eastern Michigan University,MAC,MI
1634,579,216,2017,Florida State University,ACC,FL
1635,1361,216,2020,University of Arkansas,SEC,AR
1636,1101,216,2019,University of Illinois at Urbana-Champaign,Big Ten,IL
1640,838,216,2018,University of Washington,PAC-12,WA
1645,321,217,2016,Baylor University,Big 12,TX
1646,580,217,2017,The University of Tennessee,OVC,TN
1648,1102,217,2019,The University of Texas at Austin,Big 12,TX
1649,1362,217,2020,University of Tennessee,SEC,TN
1653,839,217,2018,University of Washington,PAC-12,WA
1658,1103,218,2019,Ohio State University,Big Ten,OH
1659,840,218,2018,Tulane University,AAC,LA
1661,1363,218,2020,"University of Minnesota, Twin Cities",Big Ten,MN
1662,581,218,2017,University of South Carolina,SEC,SC
1663,322,218,2016,University of South Carolina,SEC,SC
1664,842,219,2018,Louisiana State University - Baton Rouge,SEC,LA
1665,323,219,2016,University of Arizona,PAC-12,AZ
1666,1364,219,2020,University of Iowa,Big Ten,IA
1667,1104,219,2019,"University of Maryland, College Park",Big Ten,MD
1671,583,219,2017,University of Miami,ACC,FL
1672,843,220,2018,Florida International University,C-USA,FL
1673,584,220,2017,Northwestern State University of Louisiana,SLC,LA
1674,1365,220,2020,Ohio State University,Big Ten,OH
1675,1105,220,2019,Texas A&M University,SEC,TX
1677,324,220,2016,University of Washington,PAC-12,WA
1682,1366,221,2020,Florida International University,C-USA,FL
1683,1106,221,2019,Tulane University,AAC,LA
1685,844,221,2018,University of Houston,AAC,TX
1686,325,221,2016,University of Illinois at Urbana-Champaign,Big Ten,IL
1690,585,221,2017,Washington State University,PAC-12,WA
1691,1367,222,2020,Arizona State University,PAC-12,AZ
1692,1107,222,2019,Florida Atlantic University,C-USA,FL
1693,845,222,2018,San Jose State University,MW,CA
1694,327,222,2016,"University of California, Los Angeles",PAC-12,CA
1697,586,222,2017,"University of Minnesota, Twin Cities",Big Ten,MN
1698,1108,223,2019,South Dakota State University,MVFC,SD
1699,846,223,2018,Temple University,AAC,PA
1700,1368,223,2020,University of Memphis,AAC,TN
1701,587,223,2017,University of South Carolina,SEC,SC
1702,328,223,2016,Western Kentucky University,C-USA,KY
1703,588,224,2017,Arizona State University,PAC-12,AZ
1704,329,224,2016,Michigan State University,Big Ten,MI
1705,847,224,2018,University of Georgia,SEC,GA
1706,1109,224,2019,University of Georgia,SEC,GA
1707,330,225,2016,Arizona State University,PAC-12,AZ
1708,1370,225,2020,Michigan State University,Big Ten,MI
1709,1110,225,2019,North Carolina A & T State University,Big South Conference,NC
1710,848,225,2018,"University of California, Berkeley",PAC-12,CA
1711,589,225,2017,University of Notre Dame,ACC,IN
1712,1111,226,2019,Texas Christian University,Big 12,TX
1713,849,226,2018,University of Arkansas,SEC,AR
1714,331,226,2016,University of Central Arkansas,ASUN,AR
1715,1371,226,2020,University of Colorado Boulder,PAC-12,CO
1716,1112,227,2019,James Madison University,CAA,VA
1717,850,227,2018,Ohio University,MAC,OH
1718,1372,227,2020,Tennessee State University,OVC,TN
1719,591,227,2017,Texas Christian University,Big 12,TX
1720,332,227,2016,Vanderbilt University,SEC,TN
1721,1113,228,2019,Boston College,ACC,MA
1722,592,228,2017,Florida State University,ACC,FL
1723,851,228,2018,Oklahoma State University,Big 12,OK
1724,1373,228,2020,Syracuse University,ACC,NY
1725,333,228,2016,Syracuse University,ACC,NY
1726,1374,229,2020,North Carolina State University - Raleigh,ACC,NC
1727,852,229,2018,The University of New Mexico - Albuquerque,MW,NM
1728,1114,229,2019,University of Arizona,PAC-12,AZ
1729,334,229,2016,University of Houston,AAC,TX
1730,593,229,2017,University of Miami,ACC,FL
1731,1115,230,2019,Prairie View A & M University,SWAC,TX
1732,594,230,2017,University of Louisville,ACC,KY
1733,1375,230,2020,University of Memphis,AAC,TN
1734,853,230,2018,University of Wisconsin - Madison,Big Ten,WI
1735,595,231,2017,Alabama State University,SWAC,AL
1736,1376,231,2020,James Madison University,CAA,VA
1737,854,231,2018,Texas Christian University,Big 12,TX
1738,336,231,2016,"University of California, Los Angeles",PAC-12,CA
1741,1116,231,2019,University of Notre Dame,ACC,IN
1742,337,232,2016,Boston College,ACC,MA
1743,596,232,2017,Kansas State University,Big 12,KS
1744,855,232,2018,"University of California, Berkeley",PAC-12,CA
1745,1117,232,2019,University of Kentucky,SEC,KY
1746,1377,232,2020,University of Nebraska - Lincoln,Big Ten,MA
1750,1118,233,2019,Auburn University,SEC,AL
1751,597,233,2017,Georgia Institute of Technology,ACC,GA
1752,338,233,2016,Louisiana State University - Baton Rouge,SEC,LA
1753,1378,233,2020,Stanford University,PAC-12,CA
1754,1379,234,2020,Baylor University,Big 12,TX
1755,339,234,2016,Louisiana State University - Baton Rouge,SEC,LA
1756,857,234,2018,University of North Carolina at Greensboro,SoCon,NC
1757,598,234,2017,University of Pittsburgh,ACC,PA
1758,1119,234,2019,University of Washington,PAC-12,WA
1763,599,235,2017,Auburn University,SEC,AL
1764,1120,235,2019,Auburn University,SEC,AL
1765,1380,235,2020,Ohio State University,Big Ten,OH
1766,340,235,2016,Sam Houston State University,WAC,TX
1767,858,235,2018,Syracuse University,ACC,NY
1768,1381,236,2020,Texas Christian University,Big 12,TX
1769,859,236,2018,The University of Alabama,SEC,AL
1770,341,236,2016,University of Washington,PAC-12,WA
1775,860,237,2018,San Diego State University,MW,CA
1776,1382,237,2020,Tulane University,AAC,LA
1778,342,237,2016,"University of California, Berkeley",PAC-12,CA
1779,1122,237,2019,University of Georgia,SEC,GA
1780,601,237,2017,Virginia Polytechnic Institute and State University,ACC,VA
1781,343,238,2016,"University of California, Los Angeles",PAC-12,CA
1784,1383,238,2020,University of South Carolina,SEC,SC
1785,602,238,2017,Utah State University,MW,UT
1786,862,239,2018,Mississippi State University,SEC,MS
1787,603,239,2017,Ohio State University,Big Ten,OH
1788,1124,239,2019,University of Oregon,PAC-12,OR
1789,1384,239,2020,University of Pittsburgh,ACC,PA
1790,345,240,2016,Florida State University,ACC,FL
1791,863,240,2018,Middle Tennessee State University,C-USA,TN
1792,1385,240,2020,Mississippi State University,SEC,MS
1793,604,240,2017,University of Miami,ACC,FL
1794,1125,240,2019,University of Utah,PAC-12,UT
1795,346,241,2016,Clemson University,ACC,SC
1796,1386,241,2020,Temple University,AAC,PA
1797,605,241,2017,"University of California, Berkeley",PAC-12,CA
1798,1126,241,2019,University of Oregon,PAC-12,OR
1799,864,241,2018,Virginia Polytechnic Institute and State University,ACC,VA
1800,1127,242,2019,University of Cincinnati,AAC,OH
1801,347,242,2016,University of Georgia,SEC,GA
1802,865,242,2018,University of Miami,ACC,FL
1803,1387,242,2020,University of Miami,ACC,FL
1804,606,242,2017,University of North Carolina at Greensboro,SoCon,NC
1805,607,243,2017,Baylor University,Big 12,TX
1806,1388,243,2020,Marshall University,C-USA,WV
1807,1128,243,2019,Pennsylvania State University,Big Ten,PA
1819,348,243,2016,"University of California, Berkeley",PAC-12,CA
1820,866,243,2018,Western Carolina University,SoCon,NC
1821,349,244,2016,Clemson University,ACC,SC
1822,867,244,2018,Southern Methodist University,AAC,TX
1823,1129,244,2019,University of Idaho,Big Sky Conference,ID
1824,1389,244,2020,University of Iowa,Big Ten,IA
1825,608,244,2017,University of Toledo,MAC,OH
1826,868,245,2018,Louisiana State University - Baton Rouge,SEC,LA
1827,609,245,2017,North Carolina State University - Raleigh,ACC,NC
1828,1130,245,2019,Syracuse University,ACC,NY
1829,350,245,2016,University of Illinois at Urbana-Champaign,Big Ten,IL
1833,1390,245,2020,University of Louisiana at Lafayette,SBC,LA
1834,1391,246,2020,Navy,Independent,VA
1835,351,246,2016,Temple University,AAC,PA
1836,869,246,2018,The University of Alabama,SEC,AL
1837,610,246,2017,University of Colorado Boulder,PAC-12,CO
1838,1131,246,2019,University of Mississippi,SEC,MS
1839,352,247,2016,Clemson University,ACC,SC
1840,1132,247,2019,Colorado State University,MW,CO
1841,611,247,2017,Louisiana State University - Baton Rouge,SEC,LA
1842,870,247,2018,Mississippi State University,SEC,MS
1843,1392,247,2020,"University of Minnesota, Twin Cities",Big Ten,MN
1844,1393,248,2020,Miami University-Oxford,MAC,OH
1845,1133,248,2019,Morgan State University,MEAC,MD
1846,871,248,2018,Southeast Missouri State University,OVC,MO
1847,353,248,2016,University of Iowa,Big Ten,IA
1848,1394,249,2020,Mississippi State University,SEC,MS
1849,613,249,2017,Oklahoma State University,Big 12,OK
1850,1134,249,2019,Temple University,AAC,PA
1851,872,249,2018,University of Toledo,MAC,OH
1852,354,249,2016,Western Kentucky University,C-USA,KY
1853,1395,250,2020,Clemson University,ACC,SC
1854,614,250,2017,Eastern Michigan University,MAC,MI
1855,873,250,2018,Florida State University,ACC,FL
1856,1135,250,2019,United States Air Force Academy,MW,CO
1857,355,250,2016,University of Arizona,PAC-12,AZ
1858,1396,251,2020,Louisiana State University - Baton Rouge,SEC,LA
1859,874,251,2018,Northwestern State University of Louisiana,SLC,LA
1860,1136,251,2019,Texas Tech University,Big 12,TX
1861,615,251,2017,University at Buffalo,MAC,NY
1862,356,251,2016,University of Oregon,PAC-12,OR
1863,1397,252,2020,Florida State University,ACC,FL
1864,357,252,2016,Montana State University,Big Sky Conference,MT
1865,616,252,2017,North Carolina State University - Raleigh,ACC,NC
1866,1137,252,2019,University of Mississippi,SEC,MS
1867,875,252,2018,University of Mississippi,SEC,MS
1868,876,253,2018,Florida State University,ACC,FL
1869,1138,253,2019,Oklahoma State University,Big 12,OK
1870,617,253,2017,University of Mississippi,SEC,MS
1871,358,253,2016,University of Southern Mississippi,C-USA,MS
1872,1139,254,2019,"University of California, Los Angeles",PAC-12,CA
1875,877,254,2018,University of Cincinnati,AAC,OH
1876,1399,254,2020,University of North Dakota,MVFC,ND
1877,1400,255,2020,University of Georgia,SEC,GA
1878,878,255,2018,University of North Carolina at Greensboro,SoCon,NC
1879,879,256,2018,Southern Methodist University,AAC,TX
